Frame,left_hand_thumb_0_joint_dof,left_hand_thumb_1_joint_dof,left_hand_thumb_2_joint_dof,left_hand_middle_0_joint_dof,left_hand_middle_1_joint_dof,left_hand_index_0_joint_dof,left_hand_index_1_joint_dof,right_hand_thumb_0_joint_dof,right_hand_thumb_1_joint_dof,right_hand_thumb_2_joint_dof,right_hand_index_0_joint_dof,right_hand_index_1_joint_dof,right_hand_middle_0_joint_dof,right_hand_middle_1_joint_dof,hand_openness
0,-60.000140,-41.500021,0.000000,-105.000246,-120.000281,-105.000246,-120.000281,60.000140,41.500021,0.000000,105.000246,120.000281,105.000246,120.000281,0.000000
1,-60.000140,-41.500021,0.000000,-105.000246,-120.000281,-105.000246,-120.000281,60.000140,41.500021,0.000000,105.000246,120.000281,105.000246,120.000281,0.000000
2,-60.000140,-41.500021,0.000000,-105.000246,-120.000281,-105.000246,-120.000281,60.000140,41.500021,0.000000,105.000246,120.000281,105.000246,120.000281,0.000000
3,-60.000140,-41.500021,0.000000,-105.000246,-120.000281,-105.000246,-120.000281,60.000140,41.500021,0.000000,105.000246,120.000281,105.000246,120.000281,0.000000
4,-60.000140,-41.500021,0.000000,-105.000246,-120.000281,-105.000246,-120.000281,60.000140,41.500021,0.000000,105.000246,120.000281,105.000246,120.000281,0.000000
5,-60.000140,-41.500021,0.000000,-105.000246,-120.000281,-105.000246,-120.000281,60.000140,41.500021,0.000000,105.000246,120.000281,105.000246,120.000281,0.000000
6,-60.000140,-41.500021,0.000000,-105.000246,-120.000281,-105.000246,-120.000281,60.000140,41.500021,0.000000,105.000246,120.000281,105.000246,120.000281,0.000000
7,-60.000140,-41.500021,0.000000,-105.000246,-120.000281,-105.000246,-120.000281,60.000140,41.500021,0.000000,105.000246,120.000281,105.000246,120.000281,0.000000
8,-60.000140,-41.500021,0.000000,-105.000246,-120.000281,-105.000246,-120.000281,60.000140,41.500021,0.000000,105.000246,120.000281,105.000246,120.000281,0.000000
9,-60.000140,-41.500021,0.000000,-105.000246,-120.000281,-105.000246,-120.000281,60.000140,41.500021,0.000000,105.000246,120.000281,105.000246,120.000281,0.000000
10,-60.000140,-41.500021,0.000000,-105.000246,-120.000281,-105.000246,-120.000281,60.000140,41.500021,0.000000,105.000246,120.000281,105.000246,120.000281,0.000000
11,-60.000140,-41.500021,0.000000,-105.000246,-120.000281,-105.000246,-120.000281,60.000140,41.500021,0.000000,105.000246,120.000281,105.000246,120.000281,0.000000
12,-60.000140,-41.500021,0.000000,-105.000246,-120.000281,-105.000246,-120.000281,60.000140,41.500021,0.000000,105.000246,120.000281,105.000246,120.000281,0.000000
13,-60.000140,-41.500021,0.000000,-105.000246,-120.000281,-105.000246,-120.000281,60.000140,41.500021,0.000000,105.000246,120.000281,105.000246,120.000281,0.000000
14,-60.000140,-41.500021,0.000000,-105.000246,-120.000281,-105.000246,-120.000281,60.000140,41.500021,0.000000,105.000246,120.000281,105.000246,120.000281,0.000000
15,-60.000140,-41.500021,0.000000,-105.000246,-120.000281,-105.000246,-120.000281,60.000140,41.500021,0.000000,105.000246,120.000281,105.000246,120.000281,0.000000
16,-60.000140,-41.500021,0.000000,-105.000246,-120.000281,-105.000246,-120.000281,60.000140,41.500021,0.000000,105.000246,120.000281,105.000246,120.000281,0.000000
17,-60.000140,-41.500021,0.000000,-105.000246,-120.000281,-105.000246,-120.000281,60.000140,41.500021,0.000000,105.000246,120.000281,105.000246,120.000281,0.000000
18,-60.000140,-41.500021,0.000000,-105.000246,-120.000281,-105.000246,-120.000281,60.000140,41.500021,0.000000,105.000246,120.000281,105.000246,120.000281,0.000000
19,-60.000140,-41.500021,0.000000,-105.000246,-120.000281,-105.000246,-120.000281,60.000140,41.500021,0.000000,105.000246,120.000281,105.000246,120.000281,0.000000
20,-60.000140,-41.500021,0.000000,-105.000246,-120.000281,-105.000246,-120.000281,60.000140,41.500021,0.000000,105.000246,120.000281,105.000246,120.000281,0.000000
21,-60.000140,-41.500021,0.000000,-105.000246,-120.000281,-105.000246,-120.000281,60.000140,41.500021,0.000000,105.000246,120.000281,105.000246,120.000281,0.000000
22,-60.000140,-41.500021,0.000000,-105.000246,-120.000281,-105.000246,-120.000281,60.000140,41.500021,0.000000,105.000246,120.000281,105.000246,120.000281,0.000000
23,-60.000140,-41.500021,0.000000,-105.000246,-120.000281,-105.000246,-120.000281,60.000140,41.500021,0.000000,105.000246,120.000281,105.000246,120.000281,0.000000
24,-60.000140,-41.500021,0.000000,-105.000246,-120.000281,-105.000246,-120.000281,60.000140,41.500021,0.000000,105.000246,120.000281,105.000246,120.000281,0.000000
25,-60.000140,-41.500021,0.000000,-105.000246,-120.000281,-105.000246,-120.000281,60.000140,41.500021,0.000000,105.000246,120.000281,105.000246,120.000281,0.000000
26,-60.000140,-41.500021,0.000000,-105.000246,-120.000281,-105.000246,-120.000281,60.000140,41.500021,0.000000,105.000246,120.000281,105.000246,120.000281,0.000000
27,-60.000140,-41.500021,0.000000,-105.000246,-120.000281,-105.000246,-120.000281,60.000140,41.500021,0.000000,105.000246,120.000281,105.000246,120.000281,0.000000
28,-60.000140,-41.500021,0.000000,-105.000246,-120.000281,-105.000246,-120.000281,60.000140,41.500021,0.000000,105.000246,120.000281,105.000246,120.000281,0.000000
29,-60.000140,-41.500021,0.000000,-105.000246,-120.000281,-105.000246,-120.000281,60.000140,41.500021,0.000000,105.000246,120.000281,105.000246,120.000281,0.000000
30,-60.000140,-41.500021,0.000000,-105.000246,-120.000281,-105.000246,-120.000281,60.000140,41.500021,0.000000,105.000246,120.000281,105.000246,120.000281,0.000000
31,-60.000140,-41.500021,0.000000,-105.000246,-120.000281,-105.000246,-120.000281,60.000140,41.500021,0.000000,105.000246,120.000281,105.000246,120.000281,0.000000
32,-60.000140,-41.500021,0.000000,-105.000246,-120.000281,-105.000246,-120.000281,60.000140,41.500021,0.000000,105.000246,120.000281,105.000246,120.000281,0.000000
33,-60.000140,-41.500021,0.000000,-105.000246,-120.000281,-105.000246,-120.000281,60.000140,41.500021,0.000000,105.000246,120.000281,105.000246,120.000281,0.000000
34,-60.000140,-41.500021,0.000000,-105.000246,-120.000281,-105.000246,-120.000281,60.000140,41.500021,0.000000,105.000246,120.000281,105.000246,120.000281,0.000000
35,-60.000140,-41.500021,0.000000,-105.000246,-120.000281,-105.000246,-120.000281,60.000140,41.500021,0.000000,105.000246,120.000281,105.000246,120.000281,0.000000
36,-60.000140,-41.500021,0.000000,-105.000246,-120.000281,-105.000246,-120.000281,60.000140,41.500021,0.000000,105.000246,120.000281,105.000246,120.000281,0.000000
37,-60.000140,-41.500021,0.000000,-105.000246,-120.000281,-105.000246,-120.000281,60.000140,41.500021,0.000000,105.000246,120.000281,105.000246,120.000281,0.000000
38,-60.000140,-41.500021,0.000000,-105.000246,-120.000281,-105.000246,-120.000281,60.000140,41.500021,0.000000,105.000246,120.000281,105.000246,120.000281,0.000000
39,-60.000140,-41.500021,0.000000,-105.000246,-120.000281,-105.000246,-120.000281,60.000140,41.500021,0.000000,105.000246,120.000281,105.000246,120.000281,0.000000
40,-60.000140,-41.500021,0.000000,-105.000246,-120.000281,-105.000246,-120.000281,60.000140,41.500021,0.000000,105.000246,120.000281,105.000246,120.000281,0.000000
41,-60.000140,-41.500021,0.000000,-105.000246,-120.000281,-105.000246,-120.000281,60.000140,41.500021,0.000000,105.000246,120.000281,105.000246,120.000281,0.000000
42,-60.000140,-41.500021,0.000000,-105.000246,-120.000281,-105.000246,-120.000281,60.000140,41.500021,0.000000,105.000246,120.000281,105.000246,120.000281,0.000000
43,-60.000140,-41.500021,0.000000,-105.000246,-120.000281,-105.000246,-120.000281,60.000140,41.500021,0.000000,105.000246,120.000281,105.000246,120.000281,0.000000
44,-60.000140,-41.500021,0.000000,-105.000246,-120.000281,-105.000246,-120.000281,60.000140,41.500021,0.000000,105.000246,120.000281,105.000246,120.000281,0.000000
45,-60.000140,-41.500021,0.000000,-105.000246,-120.000281,-105.000246,-120.000281,60.000140,41.500021,0.000000,105.000246,120.000281,105.000246,120.000281,0.000000
46,-60.000140,-41.500021,0.000000,-105.000246,-120.000281,-105.000246,-120.000281,60.000140,41.500021,0.000000,105.000246,120.000281,105.000246,120.000281,0.000000
47,-60.000140,-41.500021,0.000000,-105.000246,-120.000281,-105.000246,-120.000281,60.000140,41.500021,0.000000,105.000246,120.000281,105.000246,120.000281,0.000000
48,-60.000140,-41.500021,0.000000,-105.000246,-120.000281,-105.000246,-120.000281,60.000140,41.500021,0.000000,105.000246,120.000281,105.000246,120.000281,0.000000
49,-60.000140,-41.500021,0.000000,-105.000246,-120.000281,-105.000246,-120.000281,60.000140,41.500021,0.000000,105.000246,120.000281,105.000246,120.000281,0.000000
50,-60.000140,-41.500021,0.000000,-105.000246,-120.000281,-105.000246,-120.000281,60.000140,41.500021,0.000000,105.000246,120.000281,105.000246,120.000281,0.000000
51,-60.000140,-41.500021,0.000000,-105.000246,-120.000281,-105.000246,-120.000281,60.000140,41.500021,0.000000,105.000246,120.000281,105.000246,120.000281,0.000000
52,-60.000140,-41.500021,0.000000,-105.000246,-120.000281,-105.000246,-120.000281,60.000140,41.500021,0.000000,105.000246,120.000281,105.000246,120.000281,0.000000
53,-60.000140,-41.500021,0.000000,-105.000246,-120.000281,-105.000246,-120.000281,60.000140,41.500021,0.000000,105.000246,120.000281,105.000246,120.000281,0.000000
54,-60.000140,-41.500021,0.000000,-105.000246,-120.000281,-105.000246,-120.000281,60.000140,41.500021,0.000000,105.000246,120.000281,105.000246,120.000281,0.000000
55,-60.000140,-41.500021,0.000000,-105.000246,-120.000281,-105.000246,-120.000281,60.000140,41.500021,0.000000,105.000246,120.000281,105.000246,120.000281,0.000000
56,-60.000140,-41.500021,0.000000,-105.000246,-120.000281,-105.000246,-120.000281,60.000140,41.500021,0.000000,105.000246,120.000281,105.000246,120.000281,0.000000
57,-60.000140,-41.500021,0.000000,-105.000246,-120.000281,-105.000246,-120.000281,60.000140,41.500021,0.000000,105.000246,120.000281,105.000246,120.000281,0.000000
58,-60.000140,-41.500021,0.000000,-105.000246,-120.000281,-105.000246,-120.000281,60.000140,41.500021,0.000000,105.000246,120.000281,105.000246,120.000281,0.000000
59,-60.000140,-41.500021,0.000000,-105.000246,-120.000281,-105.000246,-120.000281,60.000140,41.500021,0.000000,105.000246,120.000281,105.000246,120.000281,0.000000
60,-60.000140,-41.500021,0.000000,-105.000246,-120.000281,-105.000246,-120.000281,60.000140,41.500021,0.000000,105.000246,120.000281,105.000246,120.000281,0.000000
61,-60.000140,-41.500021,0.000000,-105.000246,-120.000281,-105.000246,-120.000281,60.000140,41.500021,0.000000,105.000246,120.000281,105.000246,120.000281,0.000000
62,-60.000140,-41.500021,0.000000,-105.000246,-120.000281,-105.000246,-120.000281,60.000140,41.500021,0.000000,105.000246,120.000281,105.000246,120.000281,0.000000
63,-60.000140,-41.500021,0.000000,-105.000246,-120.000281,-105.000246,-120.000281,60.000140,41.500021,0.000000,105.000246,120.000281,105.000246,120.000281,0.000000
64,-60.000140,-41.500021,0.000000,-105.000246,-120.000281,-105.000246,-120.000281,60.000140,41.500021,0.000000,105.000246,120.000281,105.000246,120.000281,0.000000
65,-60.000140,-41.500021,0.000000,-105.000246,-120.000281,-105.000246,-120.000281,60.000140,41.500021,0.000000,105.000246,120.000281,105.000246,120.000281,0.000000
66,-60.000140,-41.500021,0.000000,-105.000246,-120.000281,-105.000246,-120.000281,60.000140,41.500021,0.000000,105.000246,120.000281,105.000246,120.000281,0.000000
67,-60.000140,-41.500021,0.000000,-105.000246,-120.000281,-105.000246,-120.000281,60.000140,41.500021,0.000000,105.000246,120.000281,105.000246,120.000281,0.000000
68,-60.000140,-41.500021,0.000000,-105.000246,-120.000281,-105.000246,-120.000281,60.000140,41.500021,0.000000,105.000246,120.000281,105.000246,120.000281,0.000000
69,-60.000140,-41.500021,0.000000,-105.000246,-120.000281,-105.000246,-120.000281,60.000140,41.500021,0.000000,105.000246,120.000281,105.000246,120.000281,0.000000
70,-60.000140,-41.500021,0.000000,-105.000246,-120.000281,-105.000246,-120.000281,60.000140,41.500021,0.000000,105.000246,120.000281,105.000246,120.000281,0.000000
71,-60.000140,-41.500021,0.000000,-105.000246,-120.000281,-105.000246,-120.000281,60.000140,41.500021,0.000000,105.000246,120.000281,105.000246,120.000281,0.000000
72,-60.000140,-41.500021,0.000000,-105.000246,-120.000281,-105.000246,-120.000281,60.000140,41.500021,0.000000,105.000246,120.000281,105.000246,120.000281,0.000000
73,-60.000140,-41.500021,0.000000,-105.000246,-120.000281,-105.000246,-120.000281,60.000140,41.500021,0.000000,105.000246,120.000281,105.000246,120.000281,0.000000
74,-60.000140,-41.500021,0.000000,-105.000246,-120.000281,-105.000246,-120.000281,60.000140,41.500021,0.000000,105.000246,120.000281,105.000246,120.000281,0.000000
75,-60.000140,-41.500021,0.000000,-105.000246,-120.000281,-105.000246,-120.000281,60.000140,41.500021,0.000000,105.000246,120.000281,105.000246,120.000281,0.000000
76,-60.000140,-41.500021,0.000000,-105.000246,-120.000281,-105.000246,-120.000281,60.000140,41.500021,0.000000,105.000246,120.000281,105.000246,120.000281,0.000000
77,-60.000140,-41.500021,0.000000,-105.000246,-120.000281,-105.000246,-120.000281,60.000140,41.500021,0.000000,105.000246,120.000281,105.000246,120.000281,0.000000
78,-60.000140,-41.500021,0.000000,-105.000246,-120.000281,-105.000246,-120.000281,60.000140,41.500021,0.000000,105.000246,120.000281,105.000246,120.000281,0.000000
79,-60.000140,-41.500021,0.000000,-105.000246,-120.000281,-105.000246,-120.000281,60.000140,41.500021,0.000000,105.000246,120.000281,105.000246,120.000281,0.000000
80,-60.000140,-41.500021,0.000000,-105.000246,-120.000281,-105.000246,-120.000281,60.000140,41.500021,0.000000,105.000246,120.000281,105.000246,120.000281,0.000000
81,-60.000140,-41.500021,0.000000,-105.000246,-120.000281,-105.000246,-120.000281,60.000140,41.500021,0.000000,105.000246,120.000281,105.000246,120.000281,0.000000
82,-60.000140,-41.500021,0.000000,-105.000246,-120.000281,-105.000246,-120.000281,60.000140,41.500021,0.000000,105.000246,120.000281,105.000246,120.000281,0.000000
83,-60.000140,-41.500021,0.000000,-105.000246,-120.000281,-105.000246,-120.000281,60.000140,41.500021,0.000000,105.000246,120.000281,105.000246,120.000281,0.000000
84,-60.000140,-41.500021,0.000000,-105.000246,-120.000281,-105.000246,-120.000281,60.000140,41.500021,0.000000,105.000246,120.000281,105.000246,120.000281,0.000000
85,-60.000140,-41.500021,0.000000,-105.000246,-120.000281,-105.000246,-120.000281,60.000140,41.500021,0.000000,105.000246,120.000281,105.000246,120.000281,0.000000
86,-60.000140,-41.500021,0.000000,-105.000246,-120.000281,-105.000246,-120.000281,60.000140,41.500021,0.000000,105.000246,120.000281,105.000246,120.000281,0.000000
87,-60.000140,-41.500021,0.000000,-105.000246,-120.000281,-105.000246,-120.000281,60.000140,41.500021,0.000000,105.000246,120.000281,105.000246,120.000281,0.000000
88,-60.000140,-41.500021,0.000000,-105.000246,-120.000281,-105.000246,-120.000281,60.000140,41.500021,0.000000,105.000246,120.000281,105.000246,120.000281,0.000000
89,-60.000140,-41.500021,0.000000,-105.000246,-120.000281,-105.000246,-120.000281,60.000140,41.500021,0.000000,105.000246,120.000281,105.000246,120.000281,0.000000
90,-60.000140,-41.500021,0.000000,-105.000246,-120.000281,-105.000246,-120.000281,60.000140,41.500021,0.000000,105.000246,120.000281,105.000246,120.000281,0.000000
91,-60.000140,-41.500021,0.000000,-105.000246,-120.000281,-105.000246,-120.000281,60.000140,41.500021,0.000000,105.000246,120.000281,105.000246,120.000281,0.000000
92,-60.000140,-41.500021,0.000000,-105.000246,-120.000281,-105.000246,-120.000281,60.000140,41.500021,0.000000,105.000246,120.000281,105.000246,120.000281,0.000000
93,-60.000140,-41.500021,0.000000,-105.000246,-120.000281,-105.000246,-120.000281,60.000140,41.500021,0.000000,105.000246,120.000281,105.000246,120.000281,0.000000
94,-60.000140,-41.500021,0.000000,-105.000246,-120.000281,-105.000246,-120.000281,60.000140,41.500021,0.000000,105.000246,120.000281,105.000246,120.000281,0.000000
95,-60.000140,-41.500021,0.000000,-105.000246,-120.000281,-105.000246,-120.000281,60.000140,41.500021,0.000000,105.000246,120.000281,105.000246,120.000281,0.000000
96,-60.000140,-41.500021,0.000000,-105.000246,-120.000281,-105.000246,-120.000281,60.000140,41.500021,0.000000,105.000246,120.000281,105.000246,120.000281,0.000000
97,-60.000140,-41.500021,0.000000,-105.000246,-120.000281,-105.000246,-120.000281,60.000140,41.500021,0.000000,105.000246,120.000281,105.000246,120.000281,0.000000
98,-60.000140,-41.500021,0.000000,-105.000246,-120.000281,-105.000246,-120.000281,60.000140,41.500021,0.000000,105.000246,120.000281,105.000246,120.000281,0.000000
99,-60.000140,-41.500021,0.000000,-105.000246,-120.000281,-105.000246,-120.000281,60.000140,41.500021,0.000000,105.000246,120.000281,105.000246,120.000281,0.000000
100,-60.000140,-41.500021,0.000000,-105.000246,-120.000281,-105.000246,-120.000281,60.000140,41.500021,0.000000,105.000246,120.000281,105.000246,120.000281,0.000000
101,-60.000140,-41.500021,0.000000,-105.000246,-120.000281,-105.000246,-120.000281,60.000140,41.500021,0.000000,105.000246,120.000281,105.000246,120.000281,0.000000
102,-60.000140,-41.500021,0.000000,-105.000246,-120.000281,-105.000246,-120.000281,60.000140,41.500021,0.000000,105.000246,120.000281,105.000246,120.000281,0.000000
103,-60.000140,-41.500021,0.000000,-105.000246,-120.000281,-105.000246,-120.000281,60.000140,41.500021,0.000000,105.000246,120.000281,105.000246,120.000281,0.000000
104,-60.000140,-41.500021,0.000000,-105.000246,-120.000281,-105.000246,-120.000281,60.000140,41.500021,0.000000,105.000246,120.000281,105.000246,120.000281,0.000000
105,-60.000140,-41.500021,0.000000,-105.000246,-120.000281,-105.000246,-120.000281,60.000140,41.500021,0.000000,105.000246,120.000281,105.000246,120.000281,0.000000
106,-60.000140,-41.500021,0.000000,-105.000246,-120.000281,-105.000246,-120.000281,60.000140,41.500021,0.000000,105.000246,120.000281,105.000246,120.000281,0.000000
107,-60.000140,-41.500021,0.000000,-105.000246,-120.000281,-105.000246,-120.000281,60.000140,41.500021,0.000000,105.000246,120.000281,105.000246,120.000281,0.000000
108,-60.000140,-41.500021,0.000000,-105.000246,-120.000281,-105.000246,-120.000281,60.000140,41.500021,0.000000,105.000246,120.000281,105.000246,120.000281,0.000000
109,-60.000140,-41.500021,0.000000,-105.000246,-120.000281,-105.000246,-120.000281,60.000140,41.500021,0.000000,105.000246,120.000281,105.000246,120.000281,0.000000
110,-60.000140,-41.500021,0.000000,-105.000246,-120.000281,-105.000246,-120.000281,60.000140,41.500021,0.000000,105.000246,120.000281,105.000246,120.000281,0.000000
111,-60.000140,-41.500021,0.000000,-105.000246,-120.000281,-105.000246,-120.000281,60.000140,41.500021,0.000000,105.000246,120.000281,105.000246,120.000281,0.000000
112,-60.000140,-41.500021,0.000000,-105.000246,-120.000281,-105.000246,-120.000281,60.000140,41.500021,0.000000,105.000246,120.000281,105.000246,120.000281,0.000000
113,-60.000140,-41.500021,0.000000,-105.000246,-120.000281,-105.000246,-120.000281,60.000140,41.500021,0.000000,105.000246,120.000281,105.000246,120.000281,0.000000
114,-60.000140,-41.500021,0.000000,-105.000246,-120.000281,-105.000246,-120.000281,60.000140,41.500021,0.000000,105.000246,120.000281,105.000246,120.000281,0.000000
115,-60.000140,-41.500021,0.000000,-105.000246,-120.000281,-105.000246,-120.000281,60.000140,41.500021,0.000000,105.000246,120.000281,105.000246,120.000281,0.000000
116,-60.000140,-41.500021,0.000000,-105.000246,-120.000281,-105.000246,-120.000281,60.000140,41.500021,0.000000,105.000246,120.000281,105.000246,120.000281,0.000000
117,-60.000140,-41.500021,0.000000,-105.000246,-120.000281,-105.000246,-120.000281,60.000140,41.500021,0.000000,105.000246,120.000281,105.000246,120.000281,0.000000
118,-60.000140,-41.500021,0.000000,-105.000246,-120.000281,-105.000246,-120.000281,60.000140,41.500021,0.000000,105.000246,120.000281,105.000246,120.000281,0.000000
119,-60.000140,-41.500021,0.000000,-105.000246,-120.000281,-105.000246,-120.000281,60.000140,41.500021,0.000000,105.000246,120.000281,105.000246,120.000281,0.000000
120,-60.000140,-41.500021,0.000000,-105.000246,-120.000281,-105.000246,-120.000281,60.000140,41.500021,0.000000,105.000246,120.000281,105.000246,120.000281,0.000000
121,-60.000140,-41.500021,0.000000,-105.000246,-120.000281,-105.000246,-120.000281,60.000140,41.500021,0.000000,105.000246,120.000281,105.000246,120.000281,0.000000
122,-60.000140,-41.500021,0.000000,-105.000246,-120.000281,-105.000246,-120.000281,60.000140,41.500021,0.000000,105.000246,120.000281,105.000246,120.000281,0.000000
123,-60.000140,-41.500021,0.000000,-105.000246,-120.000281,-105.000246,-120.000281,60.000140,41.500021,0.000000,105.000246,120.000281,105.000246,120.000281,0.000000
124,-60.000140,-41.500021,0.000000,-105.000246,-120.000281,-105.000246,-120.000281,60.000140,41.500021,0.000000,105.000246,120.000281,105.000246,120.000281,0.000000
125,-60.000140,-41.500021,0.000000,-105.000246,-120.000281,-105.000246,-120.000281,60.000140,41.500021,0.000000,105.000246,120.000281,105.000246,120.000281,0.000000
126,-52.400123,-35.071677,7.600018,-97.653564,-112.400263,-97.653564,-112.400263,52.400123,35.071677,-7.600018,97.653564,112.400263,97.653564,112.400263,0.066667
127,-44.800105,-28.643334,15.200036,-90.306883,-104.800245,-90.306883,-104.800245,44.800105,28.643334,-15.200036,90.306883,104.800245,90.306883,104.800245,0.133333
128,-37.200087,-22.214990,22.800053,-82.960201,-97.200227,-82.960201,-97.200227,37.200087,22.214990,-22.800053,82.960201,97.200227,82.960201,97.200227,0.200000
129,-29.600069,-15.786647,30.400071,-75.613520,-89.600210,-75.613520,-89.600210,29.600069,15.786647,-30.400071,75.613520,89.600210,75.613520,89.600210,0.266667
130,-22.000051,-9.358303,38.000089,-68.266838,-82.000192,-68.266838,-82.000192,22.000051,9.358303,-38.000089,68.266838,82.000192,68.266838,82.000192,0.333333
131,-14.400034,-2.929959,45.600107,-60.920157,-74.400174,-60.920157,-74.400174,14.400034,2.929959,-45.600107,60.920157,74.400174,60.920157,74.400174,0.400000
132,-6.800016,3.498384,53.200124,-53.573476,-66.800156,-53.573476,-66.800156,6.800016,-3.498384,-53.200124,53.573476,66.800156,53.573476,66.800156,0.466667
133,0.800002,9.926728,60.800142,-46.226794,-59.200138,-46.226794,-59.200138,-0.800002,-9.926728,-60.800142,46.226794,59.200138,46.226794,59.200138,0.533333
134,8.400020,16.355071,68.400160,-38.880113,-51.600121,-38.880113,-51.600121,-8.400020,-16.355071,-68.400160,38.880113,51.600121,38.880113,51.600121,0.600000
135,16.000037,22.783415,76.000178,-31.533431,-44.000103,-31.533431,-44.000103,-16.000037,-22.783415,-76.000178,31.533431,44.000103,31.533431,44.000103,0.666667
136,23.600055,29.211758,83.600195,-24.186750,-36.400085,-24.186750,-36.400085,-23.600055,-29.211758,-83.600195,24.186750,36.400085,24.186750,36.400085,0.733333
137,31.200073,35.640102,91.200213,-16.840068,-28.800067,-16.840068,-28.800067,-31.200073,-35.640102,-91.200213,16.840068,28.800067,16.840068,28.800067,0.800000
138,38.800091,42.068445,98.800231,-9.493387,-21.200050,-9.493387,-21.200050,-38.800091,-42.068445,-98.800231,9.493387,21.200050,9.493387,21.200050,0.866667
139,46.400109,48.496789,106.400249,-2.146706,-13.600032,-2.146706,-13.600032,-46.400109,-48.496789,-106.400249,2.146706,13.600032,2.146706,13.600032,0.933333
140,54.000126,54.925132,114.000267,5.199976,-6.000014,5.199976,-6.000014,-54.000126,-54.925132,-114.000267,-5.199976,6.000014,-5.199976,6.000014,1.000000
141,54.000126,54.925132,114.000267,5.199976,-6.000014,5.199976,-6.000014,-54.000126,-54.925132,-114.000267,-5.199976,6.000014,-5.199976,6.000014,1.000000
142,54.000126,54.925132,114.000267,5.199976,-6.000014,5.199976,-6.000014,-54.000126,-54.925132,-114.000267,-5.199976,6.000014,-5.199976,6.000014,1.000000
143,54.000126,54.925132,114.000267,5.199976,-6.000014,5.199976,-6.000014,-54.000126,-54.925132,-114.000267,-5.199976,6.000014,-5.199976,6.000014,1.000000
144,54.000126,54.925132,114.000267,5.199976,-6.000014,5.199976,-6.000014,-54.000126,-54.925132,-114.000267,-5.199976,6.000014,-5.199976,6.000014,1.000000
145,54.000126,54.925132,114.000267,5.199976,-6.000014,5.199976,-6.000014,-54.000126,-54.925132,-114.000267,-5.199976,6.000014,-5.199976,6.000014,1.000000
146,54.000126,54.925132,114.000267,5.199976,-6.000014,5.199976,-6.000014,-54.000126,-54.925132,-114.000267,-5.199976,6.000014,-5.199976,6.000014,1.000000
147,54.000126,54.925132,114.000267,5.199976,-6.000014,5.199976,-6.000014,-54.000126,-54.925132,-114.000267,-5.199976,6.000014,-5.199976,6.000014,1.000000
148,54.000126,54.925132,114.000267,5.199976,-6.000014,5.199976,-6.000014,-54.000126,-54.925132,-114.000267,-5.199976,6.000014,-5.199976,6.000014,1.000000
149,54.000126,54.925132,114.000267,5.199976,-6.000014,5.199976,-6.000014,-54.000126,-54.925132,-114.000267,-5.199976,6.000014,-5.199976,6.000014,1.000000
150,54.000126,54.925132,114.000267,5.199976,-6.000014,5.199976,-6.000014,-54.000126,-54.925132,-114.000267,-5.199976,6.000014,-5.199976,6.000014,1.000000
151,54.000126,54.925132,114.000267,5.199976,-6.000014,5.199976,-6.000014,-54.000126,-54.925132,-114.000267,-5.199976,6.000014,-5.199976,6.000014,1.000000
152,54.000126,54.925132,114.000267,5.199976,-6.000014,5.199976,-6.000014,-54.000126,-54.925132,-114.000267,-5.199976,6.000014,-5.199976,6.000014,1.000000
153,54.000126,54.925132,114.000267,5.199976,-6.000014,5.199976,-6.000014,-54.000126,-54.925132,-114.000267,-5.199976,6.000014,-5.199976,6.000014,1.000000
154,54.000126,54.925132,114.000267,5.199976,-6.000014,5.199976,-6.000014,-54.000126,-54.925132,-114.000267,-5.199976,6.000014,-5.199976,6.000014,1.000000
155,54.000126,54.925132,114.000267,5.199976,-6.000014,5.199976,-6.000014,-54.000126,-54.925132,-114.000267,-5.199976,6.000014,-5.199976,6.000014,1.000000
156,54.000126,54.925132,114.000267,5.199976,-6.000014,5.199976,-6.000014,-54.000126,-54.925132,-114.000267,-5.199976,6.000014,-5.199976,6.000014,1.000000
157,54.000126,54.925132,114.000267,5.199976,-6.000014,5.199976,-6.000014,-54.000126,-54.925132,-114.000267,-5.199976,6.000014,-5.199976,6.000014,1.000000
158,54.000126,54.925132,114.000267,5.199976,-6.000014,5.199976,-6.000014,-54.000126,-54.925132,-114.000267,-5.199976,6.000014,-5.199976,6.000014,1.000000
159,54.000126,54.925132,114.000267,5.199976,-6.000014,5.199976,-6.000014,-54.000126,-54.925132,-114.000267,-5.199976,6.000014,-5.199976,6.000014,1.000000
160,54.000126,54.925132,114.000267,5.199976,-6.000014,5.199976,-6.000014,-54.000126,-54.925132,-114.000267,-5.199976,6.000014,-5.199976,6.000014,1.000000
161,54.000126,54.925132,114.000267,5.199976,-6.000014,5.199976,-6.000014,-54.000126,-54.925132,-114.000267,-5.199976,6.000014,-5.199976,6.000014,1.000000
162,54.000126,54.925132,114.000267,5.199976,-6.000014,5.199976,-6.000014,-54.000126,-54.925132,-114.000267,-5.199976,6.000014,-5.199976,6.000014,1.000000
163,54.000126,54.925132,114.000267,5.199976,-6.000014,5.199976,-6.000014,-54.000126,-54.925132,-114.000267,-5.199976,6.000014,-5.199976,6.000014,1.000000
164,54.000126,54.925132,114.000267,5.199976,-6.000014,5.199976,-6.000014,-54.000126,-54.925132,-114.000267,-5.199976,6.000014,-5.199976,6.000014,1.000000
165,54.000126,54.925132,114.000267,5.199976,-6.000014,5.199976,-6.000014,-54.000126,-54.925132,-114.000267,-5.199976,6.000014,-5.199976,6.000014,1.000000
166,54.000126,54.925132,114.000267,5.199976,-6.000014,5.199976,-6.000014,-54.000126,-54.925132,-114.000267,-5.199976,6.000014,-5.199976,6.000014,1.000000
167,54.000126,54.925132,114.000267,5.199976,-6.000014,5.199976,-6.000014,-54.000126,-54.925132,-114.000267,-5.199976,6.000014,-5.199976,6.000014,1.000000
168,54.000126,54.925132,114.000267,5.199976,-6.000014,5.199976,-6.000014,-54.000126,-54.925132,-114.000267,-5.199976,6.000014,-5.199976,6.000014,1.000000
169,54.000126,54.925132,114.000267,5.199976,-6.000014,5.199976,-6.000014,-54.000126,-54.925132,-114.000267,-5.199976,6.000014,-5.199976,6.000014,1.000000
170,54.000126,54.925132,114.000267,5.199976,-6.000014,5.199976,-6.000014,-54.000126,-54.925132,-114.000267,-5.199976,6.000014,-5.199976,6.000014,1.000000
171,54.000126,54.925132,114.000267,5.199976,-6.000014,5.199976,-6.000014,-54.000126,-54.925132,-114.000267,-5.199976,6.000014,-5.199976,6.000014,1.000000
172,54.000126,54.925132,114.000267,5.199976,-6.000014,5.199976,-6.000014,-54.000126,-54.925132,-114.000267,-5.199976,6.000014,-5.199976,6.000014,1.000000
173,54.000126,54.925132,114.000267,5.199976,-6.000014,5.199976,-6.000014,-54.000126,-54.925132,-114.000267,-5.199976,6.000014,-5.199976,6.000014,1.000000
174,54.000126,54.925132,114.000267,5.199976,-6.000014,5.199976,-6.000014,-54.000126,-54.925132,-114.000267,-5.199976,6.000014,-5.199976,6.000014,1.000000
175,54.000126,54.925132,114.000267,5.199976,-6.000014,5.199976,-6.000014,-54.000126,-54.925132,-114.000267,-5.199976,6.000014,-5.199976,6.000014,1.000000
176,54.000126,54.925132,114.000267,5.199976,-6.000014,5.199976,-6.000014,-54.000126,-54.925132,-114.000267,-5.199976,6.000014,-5.199976,6.000014,1.000000
177,54.000126,54.925132,114.000267,5.199976,-6.000014,5.199976,-6.000014,-54.000126,-54.925132,-114.000267,-5.199976,6.000014,-5.199976,6.000014,1.000000
178,54.000126,54.925132,114.000267,5.199976,-6.000014,5.199976,-6.000014,-54.000126,-54.925132,-114.000267,-5.199976,6.000014,-5.199976,6.000014,1.000000
179,54.000126,54.925132,114.000267,5.199976,-6.000014,5.199976,-6.000014,-54.000126,-54.925132,-114.000267,-5.199976,6.000014,-5.199976,6.000014,1.000000
180,54.000126,54.925132,114.000267,5.199976,-6.000014,5.199976,-6.000014,-54.000126,-54.925132,-114.000267,-5.199976,6.000014,-5.199976,6.000014,1.000000
181,54.000126,54.925132,114.000267,5.199976,-6.000014,5.199976,-6.000014,-54.000126,-54.925132,-114.000267,-5.199976,6.000014,-5.199976,6.000014,1.000000
182,54.000126,54.925132,114.000267,5.199976,-6.000014,5.199976,-6.000014,-54.000126,-54.925132,-114.000267,-5.199976,6.000014,-5.199976,6.000014,1.000000
183,54.000126,54.925132,114.000267,5.199976,-6.000014,5.199976,-6.000014,-54.000126,-54.925132,-114.000267,-5.199976,6.000014,-5.199976,6.000014,1.000000
184,54.000126,54.925132,114.000267,5.199976,-6.000014,5.199976,-6.000014,-54.000126,-54.925132,-114.000267,-5.199976,6.000014,-5.199976,6.000014,1.000000
185,54.000126,54.925132,114.000267,5.199976,-6.000014,5.199976,-6.000014,-54.000126,-54.925132,-114.000267,-5.199976,6.000014,-5.199976,6.000014,1.000000
186,54.000126,54.925132,114.000267,5.199976,-6.000014,5.199976,-6.000014,-54.000126,-54.925132,-114.000267,-5.199976,6.000014,-5.199976,6.000014,1.000000
187,54.000126,54.925132,114.000267,5.199976,-6.000014,5.199976,-6.000014,-54.000126,-54.925132,-114.000267,-5.199976,6.000014,-5.199976,6.000014,1.000000
188,54.000126,54.925132,114.000267,5.199976,-6.000014,5.199976,-6.000014,-54.000126,-54.925132,-114.000267,-5.199976,6.000014,-5.199976,6.000014,1.000000
189,54.000126,54.925132,114.000267,5.199976,-6.000014,5.199976,-6.000014,-54.000126,-54.925132,-114.000267,-5.199976,6.000014,-5.199976,6.000014,1.000000
190,54.000126,54.925132,114.000267,5.199976,-6.000014,5.199976,-6.000014,-54.000126,-54.925132,-114.000267,-5.199976,6.000014,-5.199976,6.000014,1.000000
191,54.000126,54.925132,114.000267,5.199976,-6.000014,5.199976,-6.000014,-54.000126,-54.925132,-114.000267,-5.199976,6.000014,-5.199976,6.000014,1.000000
192,54.000126,54.925132,114.000267,5.199976,-6.000014,5.199976,-6.000014,-54.000126,-54.925132,-114.000267,-5.199976,6.000014,-5.199976,6.000014,1.000000
193,54.000126,54.925132,114.000267,5.199976,-6.000014,5.199976,-6.000014,-54.000126,-54.925132,-114.000267,-5.199976,6.000014,-5.199976,6.000014,1.000000
194,54.000126,54.925132,114.000267,5.199976,-6.000014,5.199976,-6.000014,-54.000126,-54.925132,-114.000267,-5.199976,6.000014,-5.199976,6.000014,1.000000
195,54.000126,54.925132,114.000267,5.199976,-6.000014,5.199976,-6.000014,-54.000126,-54.925132,-114.000267,-5.199976,6.000014,-5.199976,6.000014,1.000000
196,54.000126,54.925132,114.000267,5.199976,-6.000014,5.199976,-6.000014,-54.000126,-54.925132,-114.000267,-5.199976,6.000014,-5.199976,6.000014,1.000000
197,54.000126,54.925132,114.000267,5.199976,-6.000014,5.199976,-6.000014,-54.000126,-54.925132,-114.000267,-5.199976,6.000014,-5.199976,6.000014,1.000000
198,54.000126,54.925132,114.000267,5.199976,-6.000014,5.199976,-6.000014,-54.000126,-54.925132,-114.000267,-5.199976,6.000014,-5.199976,6.000014,1.000000
199,54.000126,54.925132,114.000267,5.199976,-6.000014,5.199976,-6.000014,-54.000126,-54.925132,-114.000267,-5.199976,6.000014,-5.199976,6.000014,1.000000
200,54.000126,54.925132,114.000267,5.199976,-6.000014,5.199976,-6.000014,-54.000126,-54.925132,-114.000267,-5.199976,6.000014,-5.199976,6.000014,1.000000
201,54.000126,54.925132,114.000267,5.199976,-6.000014,5.199976,-6.000014,-54.000126,-54.925132,-114.000267,-5.199976,6.000014,-5.199976,6.000014,1.000000
202,54.000126,54.925132,114.000267,5.199976,-6.000014,5.199976,-6.000014,-54.000126,-54.925132,-114.000267,-5.199976,6.000014,-5.199976,6.000014,1.000000
203,54.000126,54.925132,114.000267,5.199976,-6.000014,5.199976,-6.000014,-54.000126,-54.925132,-114.000267,-5.199976,6.000014,-5.199976,6.000014,1.000000
204,54.000126,54.925132,114.000267,5.199976,-6.000014,5.199976,-6.000014,-54.000126,-54.925132,-114.000267,-5.199976,6.000014,-5.199976,6.000014,1.000000
205,54.000126,54.925132,114.000267,5.199976,-6.000014,5.199976,-6.000014,-54.000126,-54.925132,-114.000267,-5.199976,6.000014,-5.199976,6.000014,1.000000
206,54.000126,54.925132,114.000267,5.199976,-6.000014,5.199976,-6.000014,-54.000126,-54.925132,-114.000267,-5.199976,6.000014,-5.199976,6.000014,1.000000
207,54.000126,54.925132,114.000267,5.199976,-6.000014,5.199976,-6.000014,-54.000126,-54.925132,-114.000267,-5.199976,6.000014,-5.199976,6.000014,1.000000
208,54.000126,54.925132,114.000267,5.199976,-6.000014,5.199976,-6.000014,-54.000126,-54.925132,-114.000267,-5.199976,6.000014,-5.199976,6.000014,1.000000
209,54.000126,54.925132,114.000267,5.199976,-6.000014,5.199976,-6.000014,-54.000126,-54.925132,-114.000267,-5.199976,6.000014,-5.199976,6.000014,1.000000
210,54.000126,54.925132,114.000267,5.199976,-6.000014,5.199976,-6.000014,-54.000126,-54.925132,-114.000267,-5.199976,6.000014,-5.199976,6.000014,1.000000
211,54.000126,54.925132,114.000267,5.199976,-6.000014,5.199976,-6.000014,-54.000126,-54.925132,-114.000267,-5.199976,6.000014,-5.199976,6.000014,1.000000
212,54.000126,54.925132,114.000267,5.199976,-6.000014,5.199976,-6.000014,-54.000126,-54.925132,-114.000267,-5.199976,6.000014,-5.199976,6.000014,1.000000
213,54.000126,54.925132,114.000267,5.199976,-6.000014,5.199976,-6.000014,-54.000126,-54.925132,-114.000267,-5.199976,6.000014,-5.199976,6.000014,1.000000
214,54.000126,54.925132,114.000267,5.199976,-6.000014,5.199976,-6.000014,-54.000126,-54.925132,-114.000267,-5.199976,6.000014,-5.199976,6.000014,1.000000
215,54.000126,54.925132,114.000267,5.199976,-6.000014,5.199976,-6.000014,-54.000126,-54.925132,-114.000267,-5.199976,6.000014,-5.199976,6.000014,1.000000
216,54.000126,54.925132,114.000267,5.199976,-6.000014,5.199976,-6.000014,-54.000126,-54.925132,-114.000267,-5.199976,6.000014,-5.199976,6.000014,1.000000
217,54.000126,54.925132,114.000267,5.199976,-6.000014,5.199976,-6.000014,-54.000126,-54.925132,-114.000267,-5.199976,6.000014,-5.199976,6.000014,1.000000
218,54.000126,54.925132,114.000267,5.199976,-6.000014,5.199976,-6.000014,-54.000126,-54.925132,-114.000267,-5.199976,6.000014,-5.199976,6.000014,1.000000
219,54.000126,54.925132,114.000267,5.199976,-6.000014,5.199976,-6.000014,-54.000126,-54.925132,-114.000267,-5.199976,6.000014,-5.199976,6.000014,1.000000
220,54.000126,54.925132,114.000267,5.199976,-6.000014,5.199976,-6.000014,-54.000126,-54.925132,-114.000267,-5.199976,6.000014,-5.199976,6.000014,1.000000
221,54.000126,54.925132,114.000267,5.199976,-6.000014,5.199976,-6.000014,-54.000126,-54.925132,-114.000267,-5.199976,6.000014,-5.199976,6.000014,1.000000
222,54.000126,54.925132,114.000267,5.199976,-6.000014,5.199976,-6.000014,-54.000126,-54.925132,-114.000267,-5.199976,6.000014,-5.199976,6.000014,1.000000
223,54.000126,54.925132,114.000267,5.199976,-6.000014,5.199976,-6.000014,-54.000126,-54.925132,-114.000267,-5.199976,6.000014,-5.199976,6.000014,1.000000
224,54.000126,54.925132,114.000267,5.199976,-6.000014,5.199976,-6.000014,-54.000126,-54.925132,-114.000267,-5.199976,6.000014,-5.199976,6.000014,1.000000
225,54.000126,54.925132,114.000267,5.199976,-6.000014,5.199976,-6.000014,-54.000126,-54.925132,-114.000267,-5.199976,6.000014,-5.199976,6.000014,1.000000
226,54.000126,54.925132,114.000267,5.199976,-6.000014,5.199976,-6.000014,-54.000126,-54.925132,-114.000267,-5.199976,6.000014,-5.199976,6.000014,1.000000
227,54.000126,54.925132,114.000267,5.199976,-6.000014,5.199976,-6.000014,-54.000126,-54.925132,-114.000267,-5.199976,6.000014,-5.199976,6.000014,1.000000
228,54.000126,54.925132,114.000267,5.199976,-6.000014,5.199976,-6.000014,-54.000126,-54.925132,-114.000267,-5.199976,6.000014,-5.199976,6.000014,1.000000
229,54.000126,54.925132,114.000267,5.199976,-6.000014,5.199976,-6.000014,-54.000126,-54.925132,-114.000267,-5.199976,6.000014,-5.199976,6.000014,1.000000
230,54.000126,54.925132,114.000267,5.199976,-6.000014,5.199976,-6.000014,-54.000126,-54.925132,-114.000267,-5.199976,6.000014,-5.199976,6.000014,1.000000
231,54.000126,54.925132,114.000267,5.199976,-6.000014,5.199976,-6.000014,-54.000126,-54.925132,-114.000267,-5.199976,6.000014,-5.199976,6.000014,1.000000
232,54.000126,54.925132,114.000267,5.199976,-6.000014,5.199976,-6.000014,-54.000126,-54.925132,-114.000267,-5.199976,6.000014,-5.199976,6.000014,1.000000
233,54.000126,54.925132,114.000267,5.199976,-6.000014,5.199976,-6.000014,-54.000126,-54.925132,-114.000267,-5.199976,6.000014,-5.199976,6.000014,1.000000
234,54.000126,54.925132,114.000267,5.199976,-6.000014,5.199976,-6.000014,-54.000126,-54.925132,-114.000267,-5.199976,6.000014,-5.199976,6.000014,1.000000
235,54.000126,54.925132,114.000267,5.199976,-6.000014,5.199976,-6.000014,-54.000126,-54.925132,-114.000267,-5.199976,6.000014,-5.199976,6.000014,1.000000
236,54.000126,54.925132,114.000267,5.199976,-6.000014,5.199976,-6.000014,-54.000126,-54.925132,-114.000267,-5.199976,6.000014,-5.199976,6.000014,1.000000
237,54.000126,54.925132,114.000267,5.199976,-6.000014,5.199976,-6.000014,-54.000126,-54.925132,-114.000267,-5.199976,6.000014,-5.199976,6.000014,1.000000
238,54.000126,54.925132,114.000267,5.199976,-6.000014,5.199976,-6.000014,-54.000126,-54.925132,-114.000267,-5.199976,6.000014,-5.199976,6.000014,1.000000
239,54.000126,54.925132,114.000267,5.199976,-6.000014,5.199976,-6.000014,-54.000126,-54.925132,-114.000267,-5.199976,6.000014,-5.199976,6.000014,1.000000
240,54.000126,54.925132,114.000267,5.199976,-6.000014,5.199976,-6.000014,-54.000126,-54.925132,-114.000267,-5.199976,6.000014,-5.199976,6.000014,1.000000
241,54.000126,54.925132,114.000267,5.199976,-6.000014,5.199976,-6.000014,-54.000126,-54.925132,-114.000267,-5.199976,6.000014,-5.199976,6.000014,1.000000
242,54.000126,54.925132,114.000267,5.199976,-6.000014,5.199976,-6.000014,-54.000126,-54.925132,-114.000267,-5.199976,6.000014,-5.199976,6.000014,1.000000
243,54.000126,54.925132,114.000267,5.199976,-6.000014,5.199976,-6.000014,-54.000126,-54.925132,-114.000267,-5.199976,6.000014,-5.199976,6.000014,1.000000
244,54.000126,54.925132,114.000267,5.199976,-6.000014,5.199976,-6.000014,-54.000126,-54.925132,-114.000267,-5.199976,6.000014,-5.199976,6.000014,1.000000
245,54.000126,54.925132,114.000267,5.199976,-6.000014,5.199976,-6.000014,-54.000126,-54.925132,-114.000267,-5.199976,6.000014,-5.199976,6.000014,1.000000
246,54.000126,54.925132,114.000267,5.199976,-6.000014,5.199976,-6.000014,-54.000126,-54.925132,-114.000267,-5.199976,6.000014,-5.199976,6.000014,1.000000
247,54.000126,54.925132,114.000267,5.199976,-6.000014,5.199976,-6.000014,-54.000126,-54.925132,-114.000267,-5.199976,6.000014,-5.199976,6.000014,1.000000
248,54.000126,54.925132,114.000267,5.199976,-6.000014,5.199976,-6.000014,-54.000126,-54.925132,-114.000267,-5.199976,6.000014,-5.199976,6.000014,1.000000
249,54.000126,54.925132,114.000267,5.199976,-6.000014,5.199976,-6.000014,-54.000126,-54.925132,-114.000267,-5.199976,6.000014,-5.199976,6.000014,1.000000
250,54.000126,54.925132,114.000267,5.199976,-6.000014,5.199976,-6.000014,-54.000126,-54.925132,-114.000267,-5.199976,6.000014,-5.199976,6.000014,1.000000
251,54.000126,54.925132,114.000267,5.199976,-6.000014,5.199976,-6.000014,-54.000126,-54.925132,-114.000267,-5.199976,6.000014,-5.199976,6.000014,1.000000
252,54.000126,54.925132,114.000267,5.199976,-6.000014,5.199976,-6.000014,-54.000126,-54.925132,-114.000267,-5.199976,6.000014,-5.199976,6.000014,1.000000
253,54.000126,54.925132,114.000267,5.199976,-6.000014,5.199976,-6.000014,-54.000126,-54.925132,-114.000267,-5.199976,6.000014,-5.199976,6.000014,1.000000
254,54.000126,54.925132,114.000267,5.199976,-6.000014,5.199976,-6.000014,-54.000126,-54.925132,-114.000267,-5.199976,6.000014,-5.199976,6.000014,1.000000
255,54.000126,54.925132,114.000267,5.199976,-6.000014,5.199976,-6.000014,-54.000126,-54.925132,-114.000267,-5.199976,6.000014,-5.199976,6.000014,1.000000
256,54.000126,54.925132,114.000267,5.199976,-6.000014,5.199976,-6.000014,-54.000126,-54.925132,-114.000267,-5.199976,6.000014,-5.199976,6.000014,1.000000
257,54.000126,54.925132,114.000267,5.199976,-6.000014,5.199976,-6.000014,-54.000126,-54.925132,-114.000267,-5.199976,6.000014,-5.199976,6.000014,1.000000
258,54.000126,54.925132,114.000267,5.199976,-6.000014,5.199976,-6.000014,-54.000126,-54.925132,-114.000267,-5.199976,6.000014,-5.199976,6.000014,1.000000
259,54.000126,54.925132,114.000267,5.199976,-6.000014,5.199976,-6.000014,-54.000126,-54.925132,-114.000267,-5.199976,6.000014,-5.199976,6.000014,1.000000
260,54.000126,54.925132,114.000267,5.199976,-6.000014,5.199976,-6.000014,-54.000126,-54.925132,-114.000267,-5.199976,6.000014,-5.199976,6.000014,1.000000
261,54.000126,54.925132,114.000267,5.199976,-6.000014,5.199976,-6.000014,-54.000126,-54.925132,-114.000267,-5.199976,6.000014,-5.199976,6.000014,1.000000
262,54.000126,54.925132,114.000267,5.199976,-6.000014,5.199976,-6.000014,-54.000126,-54.925132,-114.000267,-5.199976,6.000014,-5.199976,6.000014,1.000000
263,54.000126,54.925132,114.000267,5.199976,-6.000014,5.199976,-6.000014,-54.000126,-54.925132,-114.000267,-5.199976,6.000014,-5.199976,6.000014,1.000000
264,54.000126,54.925132,114.000267,5.199976,-6.000014,5.199976,-6.000014,-54.000126,-54.925132,-114.000267,-5.199976,6.000014,-5.199976,6.000014,1.000000
265,54.000126,54.925132,114.000267,5.199976,-6.000014,5.199976,-6.000014,-54.000126,-54.925132,-114.000267,-5.199976,6.000014,-5.199976,6.000014,1.000000
266,54.000126,54.925132,114.000267,5.199976,-6.000014,5.199976,-6.000014,-54.000126,-54.925132,-114.000267,-5.199976,6.000014,-5.199976,6.000014,1.000000
267,54.000126,54.925132,114.000267,5.199976,-6.000014,5.199976,-6.000014,-54.000126,-54.925132,-114.000267,-5.199976,6.000014,-5.199976,6.000014,1.000000
268,54.000126,54.925132,114.000267,5.199976,-6.000014,5.199976,-6.000014,-54.000126,-54.925132,-114.000267,-5.199976,6.000014,-5.199976,6.000014,1.000000
269,54.000126,54.925132,114.000267,5.199976,-6.000014,5.199976,-6.000014,-54.000126,-54.925132,-114.000267,-5.199976,6.000014,-5.199976,6.000014,1.000000
270,46.400109,48.496789,106.400249,-2.146706,-13.600032,-2.146706,-13.600032,-46.400109,-48.496789,-106.400249,2.146706,13.600032,2.146706,13.600032,0.933333
271,38.800091,42.068445,98.800231,-9.493387,-21.200050,-9.493387,-21.200050,-38.800091,-42.068445,-98.800231,9.493387,21.200050,9.493387,21.200050,0.866667
272,31.200073,35.640102,91.200213,-16.840068,-28.800067,-16.840068,-28.800067,-31.200073,-35.640102,-91.200213,16.840068,28.800067,16.840068,28.800067,0.800000
273,23.600055,29.211758,83.600195,-24.186750,-36.400085,-24.186750,-36.400085,-23.600055,-29.211758,-83.600195,24.186750,36.400085,24.186750,36.400085,0.733333
274,16.000037,22.783415,76.000178,-31.533431,-44.000103,-31.533431,-44.000103,-16.000037,-22.783415,-76.000178,31.533431,44.000103,31.533431,44.000103,0.666667
275,8.400020,16.355071,68.400160,-38.880113,-51.600121,-38.880113,-51.600121,-8.400020,-16.355071,-68.400160,38.880113,51.600121,38.880113,51.600121,0.600000
276,0.800002,9.926728,60.800142,-46.226794,-59.200138,-46.226794,-59.200138,-0.800002,-9.926728,-60.800142,46.226794,59.200138,46.226794,59.200138,0.533333
277,-6.800016,3.498384,53.200124,-53.573476,-66.800156,-53.573476,-66.800156,6.800016,-3.498384,-53.200124,53.573476,66.800156,53.573476,66.800156,0.466667
278,-14.400034,-2.929959,45.600107,-60.920157,-74.400174,-60.920157,-74.400174,14.400034,2.929959,-45.600107,60.920157,74.400174,60.920157,74.400174,0.400000
279,-22.000051,-9.358303,38.000089,-68.266838,-82.000192,-68.266838,-82.000192,22.000051,9.358303,-38.000089,68.266838,82.000192,68.266838,82.000192,0.333333
280,-29.600069,-15.786647,30.400071,-75.613520,-89.600210,-75.613520,-89.600210,29.600069,15.786647,-30.400071,75.613520,89.600210,75.613520,89.600210,0.266667
281,-37.200087,-22.214990,22.800053,-82.960201,-97.200227,-82.960201,-97.200227,37.200087,22.214990,-22.800053,82.960201,97.200227,82.960201,97.200227,0.200000
282,-44.800105,-28.643334,15.200036,-90.306883,-104.800245,-90.306883,-104.800245,44.800105,28.643334,-15.200036,90.306883,104.800245,90.306883,104.800245,0.133333
283,-52.400123,-35.071677,7.600018,-97.653564,-112.400263,-97.653564,-112.400263,52.400123,35.071677,-7.600018,97.653564,112.400263,97.653564,112.400263,0.066667
284,-60.000140,-41.500021,0.000000,-105.000246,-120.000281,-105.000246,-120.000281,60.000140,41.500021,0.000000,105.000246,120.000281,105.000246,120.000281,0.000000
285,-60.000140,-41.500021,0.000000,-105.000246,-120.000281,-105.000246,-120.000281,60.000140,41.500021,0.000000,105.000246,120.000281,105.000246,120.000281,0.000000
286,-60.000140,-41.500021,0.000000,-105.000246,-120.000281,-105.000246,-120.000281,60.000140,41.500021,0.000000,105.000246,120.000281,105.000246,120.000281,0.000000
287,-60.000140,-41.500021,0.000000,-105.000246,-120.000281,-105.000246,-120.000281,60.000140,41.500021,0.000000,105.000246,120.000281,105.000246,120.000281,0.000000
288,-60.000140,-41.500021,0.000000,-105.000246,-120.000281,-105.000246,-120.000281,60.000140,41.500021,0.000000,105.000246,120.000281,105.000246,120.000281,0.000000
289,-60.000140,-41.500021,0.000000,-105.000246,-120.000281,-105.000246,-120.000281,60.000140,41.500021,0.000000,105.000246,120.000281,105.000246,120.000281,0.000000
290,-60.000140,-41.500021,0.000000,-105.000246,-120.000281,-105.000246,-120.000281,60.000140,41.500021,0.000000,105.000246,120.000281,105.000246,120.000281,0.000000
291,-60.000140,-41.500021,0.000000,-105.000246,-120.000281,-105.000246,-120.000281,60.000140,41.500021,0.000000,105.000246,120.000281,105.000246,120.000281,0.000000
292,-60.000140,-41.500021,0.000000,-105.000246,-120.000281,-105.000246,-120.000281,60.000140,41.500021,0.000000,105.000246,120.000281,105.000246,120.000281,0.000000
293,-60.000140,-41.500021,0.000000,-105.000246,-120.000281,-105.000246,-120.000281,60.000140,41.500021,0.000000,105.000246,120.000281,105.000246,120.000281,0.000000
294,-60.000140,-41.500021,0.000000,-105.000246,-120.000281,-105.000246,-120.000281,60.000140,41.500021,0.000000,105.000246,120.000281,105.000246,120.000281,0.000000
295,-60.000140,-41.500021,0.000000,-105.000246,-120.000281,-105.000246,-120.000281,60.000140,41.500021,0.000000,105.000246,120.000281,105.000246,120.000281,0.000000
296,-60.000140,-41.500021,0.000000,-105.000246,-120.000281,-105.000246,-120.000281,60.000140,41.500021,0.000000,105.000246,120.000281,105.000246,120.000281,0.000000
297,-60.000140,-41.500021,0.000000,-105.000246,-120.000281,-105.000246,-120.000281,60.000140,41.500021,0.000000,105.000246,120.000281,105.000246,120.000281,0.000000
298,-60.000140,-41.500021,0.000000,-105.000246,-120.000281,-105.000246,-120.000281,60.000140,41.500021,0.000000,105.000246,120.000281,105.000246,120.000281,0.000000
299,-60.000140,-41.500021,0.000000,-105.000246,-120.000281,-105.000246,-120.000281,60.000140,41.500021,0.000000,105.000246,120.000281,105.000246,120.000281,0.000000
300,-60.000140,-41.500021,0.000000,-105.000246,-120.000281,-105.000246,-120.000281,60.000140,41.500021,0.000000,105.000246,120.000281,105.000246,120.000281,0.000000
301,-60.000140,-41.500021,0.000000,-105.000246,-120.000281,-105.000246,-120.000281,60.000140,41.500021,0.000000,105.000246,120.000281,105.000246,120.000281,0.000000
302,-60.000140,-41.500021,0.000000,-105.000246,-120.000281,-105.000246,-120.000281,60.000140,41.500021,0.000000,105.000246,120.000281,105.000246,120.000281,0.000000
303,-60.000140,-41.500021,0.000000,-105.000246,-120.000281,-105.000246,-120.000281,60.000140,41.500021,0.000000,105.000246,120.000281,105.000246,120.000281,0.000000
304,-60.000140,-41.500021,0.000000,-105.000246,-120.000281,-105.000246,-120.000281,60.000140,41.500021,0.000000,105.000246,120.000281,105.000246,120.000281,0.000000
305,-60.000140,-41.500021,0.000000,-105.000246,-120.000281,-105.000246,-120.000281,60.000140,41.500021,0.000000,105.000246,120.000281,105.000246,120.000281,0.000000
306,-60.000140,-41.500021,0.000000,-105.000246,-120.000281,-105.000246,-120.000281,60.000140,41.500021,0.000000,105.000246,120.000281,105.000246,120.000281,0.000000
307,-60.000140,-41.500021,0.000000,-105.000246,-120.000281,-105.000246,-120.000281,60.000140,41.500021,0.000000,105.000246,120.000281,105.000246,120.000281,0.000000
308,-60.000140,-41.500021,0.000000,-105.000246,-120.000281,-105.000246,-120.000281,60.000140,41.500021,0.000000,105.000246,120.000281,105.000246,120.000281,0.000000
309,-60.000140,-41.500021,0.000000,-105.000246,-120.000281,-105.000246,-120.000281,60.000140,41.500021,0.000000,105.000246,120.000281,105.000246,120.000281,0.000000
310,-60.000140,-41.500021,0.000000,-105.000246,-120.000281,-105.000246,-120.000281,60.000140,41.500021,0.000000,105.000246,120.000281,105.000246,120.000281,0.000000
311,-60.000140,-41.500021,0.000000,-105.000246,-120.000281,-105.000246,-120.000281,60.000140,41.500021,0.000000,105.000246,120.000281,105.000246,120.000281,0.000000
312,-60.000140,-41.500021,0.000000,-105.000246,-120.000281,-105.000246,-120.000281,60.000140,41.500021,0.000000,105.000246,120.000281,105.000246,120.000281,0.000000
313,-60.000140,-41.500021,0.000000,-105.000246,-120.000281,-105.000246,-120.000281,60.000140,41.500021,0.000000,105.000246,120.000281,105.000246,120.000281,0.000000
314,-60.000140,-41.500021,0.000000,-105.000246,-120.000281,-105.000246,-120.000281,60.000140,41.500021,0.000000,105.000246,120.000281,105.000246,120.000281,0.000000
315,-60.000140,-41.500021,0.000000,-105.000246,-120.000281,-105.000246,-120.000281,60.000140,41.500021,0.000000,105.000246,120.000281,105.000246,120.000281,0.000000
316,-60.000140,-41.500021,0.000000,-105.000246,-120.000281,-105.000246,-120.000281,60.000140,41.500021,0.000000,105.000246,120.000281,105.000246,120.000281,0.000000
317,-60.000140,-41.500021,0.000000,-105.000246,-120.000281,-105.000246,-120.000281,60.000140,41.500021,0.000000,105.000246,120.000281,105.000246,120.000281,0.000000
318,-60.000140,-41.500021,0.000000,-105.000246,-120.000281,-105.000246,-120.000281,60.000140,41.500021,0.000000,105.000246,120.000281,105.000246,120.000281,0.000000
319,-60.000140,-41.500021,0.000000,-105.000246,-120.000281,-105.000246,-120.000281,60.000140,41.500021,0.000000,105.000246,120.000281,105.000246,120.000281,0.000000
320,-60.000140,-41.500021,0.000000,-105.000246,-120.000281,-105.000246,-120.000281,60.000140,41.500021,0.000000,105.000246,120.000281,105.000246,120.000281,0.000000
321,-60.000140,-41.500021,0.000000,-105.000246,-120.000281,-105.000246,-120.000281,60.000140,41.500021,0.000000,105.000246,120.000281,105.000246,120.000281,0.000000
322,-60.000140,-41.500021,0.000000,-105.000246,-120.000281,-105.000246,-120.000281,60.000140,41.500021,0.000000,105.000246,120.000281,105.000246,120.000281,0.000000
323,-60.000140,-41.500021,0.000000,-105.000246,-120.000281,-105.000246,-120.000281,60.000140,41.500021,0.000000,105.000246,120.000281,105.000246,120.000281,0.000000
324,-60.000140,-41.500021,0.000000,-105.000246,-120.000281,-105.000246,-120.000281,60.000140,41.500021,0.000000,105.000246,120.000281,105.000246,120.000281,0.000000
325,-60.000140,-41.500021,0.000000,-105.000246,-120.000281,-105.000246,-120.000281,60.000140,41.500021,0.000000,105.000246,120.000281,105.000246,120.000281,0.000000
326,-60.000140,-41.500021,0.000000,-105.000246,-120.000281,-105.000246,-120.000281,60.000140,41.500021,0.000000,105.000246,120.000281,105.000246,120.000281,0.000000
327,-60.000140,-41.500021,0.000000,-105.000246,-120.000281,-105.000246,-120.000281,60.000140,41.500021,0.000000,105.000246,120.000281,105.000246,120.000281,0.000000
328,-60.000140,-41.500021,0.000000,-105.000246,-120.000281,-105.000246,-120.000281,60.000140,41.500021,0.000000,105.000246,120.000281,105.000246,120.000281,0.000000
329,-60.000140,-41.500021,0.000000,-105.000246,-120.000281,-105.000246,-120.000281,60.000140,41.500021,0.000000,105.000246,120.000281,105.000246,120.000281,0.000000
330,-60.000140,-41.500021,0.000000,-105.000246,-120.000281,-105.000246,-120.000281,60.000140,41.500021,0.000000,105.000246,120.000281,105.000246,120.000281,0.000000
331,-60.000140,-41.500021,0.000000,-105.000246,-120.000281,-105.000246,-120.000281,60.000140,41.500021,0.000000,105.000246,120.000281,105.000246,120.000281,0.000000
332,-60.000140,-41.500021,0.000000,-105.000246,-120.000281,-105.000246,-120.000281,60.000140,41.500021,0.000000,105.000246,120.000281,105.000246,120.000281,0.000000
333,-60.000140,-41.500021,0.000000,-105.000246,-120.000281,-105.000246,-120.000281,60.000140,41.500021,0.000000,105.000246,120.000281,105.000246,120.000281,0.000000
334,-60.000140,-41.500021,0.000000,-105.000246,-120.000281,-105.000246,-120.000281,60.000140,41.500021,0.000000,105.000246,120.000281,105.000246,120.000281,0.000000
335,-60.000140,-41.500021,0.000000,-105.000246,-120.000281,-105.000246,-120.000281,60.000140,41.500021,0.000000,105.000246,120.000281,105.000246,120.000281,0.000000
336,-60.000140,-41.500021,0.000000,-105.000246,-120.000281,-105.000246,-120.000281,60.000140,41.500021,0.000000,105.000246,120.000281,105.000246,120.000281,0.000000
337,-60.000140,-41.500021,0.000000,-105.000246,-120.000281,-105.000246,-120.000281,60.000140,41.500021,0.000000,105.000246,120.000281,105.000246,120.000281,0.000000
338,-60.000140,-41.500021,0.000000,-105.000246,-120.000281,-105.000246,-120.000281,60.000140,41.500021,0.000000,105.000246,120.000281,105.000246,120.000281,0.000000
339,-60.000140,-41.500021,0.000000,-105.000246,-120.000281,-105.000246,-120.000281,60.000140,41.500021,0.000000,105.000246,120.000281,105.000246,120.000281,0.000000
340,-60.000140,-41.500021,0.000000,-105.000246,-120.000281,-105.000246,-120.000281,60.000140,41.500021,0.000000,105.000246,120.000281,105.000246,120.000281,0.000000
341,-60.000140,-41.500021,0.000000,-105.000246,-120.000281,-105.000246,-120.000281,60.000140,41.500021,0.000000,105.000246,120.000281,105.000246,120.000281,0.000000
342,-60.000140,-41.500021,0.000000,-105.000246,-120.000281,-105.000246,-120.000281,60.000140,41.500021,0.000000,105.000246,120.000281,105.000246,120.000281,0.000000
343,-60.000140,-41.500021,0.000000,-105.000246,-120.000281,-105.000246,-120.000281,60.000140,41.500021,0.000000,105.000246,120.000281,105.000246,120.000281,0.000000
344,-60.000140,-41.500021,0.000000,-105.000246,-120.000281,-105.000246,-120.000281,60.000140,41.500021,0.000000,105.000246,120.000281,105.000246,120.000281,0.000000
345,-60.000140,-41.500021,0.000000,-105.000246,-120.000281,-105.000246,-120.000281,60.000140,41.500021,0.000000,105.000246,120.000281,105.000246,120.000281,0.000000
346,-60.000140,-41.500021,0.000000,-105.000246,-120.000281,-105.000246,-120.000281,60.000140,41.500021,0.000000,105.000246,120.000281,105.000246,120.000281,0.000000
347,-60.000140,-41.500021,0.000000,-105.000246,-120.000281,-105.000246,-120.000281,60.000140,41.500021,0.000000,105.000246,120.000281,105.000246,120.000281,0.000000
348,-60.000140,-41.500021,0.000000,-105.000246,-120.000281,-105.000246,-120.000281,60.000140,41.500021,0.000000,105.000246,120.000281,105.000246,120.000281,0.000000
349,-60.000140,-41.500021,0.000000,-105.000246,-120.000281,-105.000246,-120.000281,60.000140,41.500021,0.000000,105.000246,120.000281,105.000246,120.000281,0.000000
350,-60.000140,-41.500021,0.000000,-105.000246,-120.000281,-105.000246,-120.000281,60.000140,41.500021,0.000000,105.000246,120.000281,105.000246,120.000281,0.000000
351,-60.000140,-41.500021,0.000000,-105.000246,-120.000281,-105.000246,-120.000281,60.000140,41.500021,0.000000,105.000246,120.000281,105.000246,120.000281,0.000000
352,-60.000140,-41.500021,0.000000,-105.000246,-120.000281,-105.000246,-120.000281,60.000140,41.500021,0.000000,105.000246,120.000281,105.000246,120.000281,0.000000
353,-60.000140,-41.500021,0.000000,-105.000246,-120.000281,-105.000246,-120.000281,60.000140,41.500021,0.000000,105.000246,120.000281,105.000246,120.000281,0.000000
354,-60.000140,-41.500021,0.000000,-105.000246,-120.000281,-105.000246,-120.000281,60.000140,41.500021,0.000000,105.000246,120.000281,105.000246,120.000281,0.000000
355,-60.000140,-41.500021,0.000000,-105.000246,-120.000281,-105.000246,-120.000281,60.000140,41.500021,0.000000,105.000246,120.000281,105.000246,120.000281,0.000000
356,-60.000140,-41.500021,0.000000,-105.000246,-120.000281,-105.000246,-120.000281,60.000140,41.500021,0.000000,105.000246,120.000281,105.000246,120.000281,0.000000
357,-60.000140,-41.500021,0.000000,-105.000246,-120.000281,-105.000246,-120.000281,60.000140,41.500021,0.000000,105.000246,120.000281,105.000246,120.000281,0.000000
358,-60.000140,-41.500021,0.000000,-105.000246,-120.000281,-105.000246,-120.000281,60.000140,41.500021,0.000000,105.000246,120.000281,105.000246,120.000281,0.000000
359,-60.000140,-41.500021,0.000000,-105.000246,-120.000281,-105.000246,-120.000281,60.000140,41.500021,0.000000,105.000246,120.000281,105.000246,120.000281,0.000000
360,-60.000140,-41.500021,0.000000,-105.000246,-120.000281,-105.000246,-120.000281,60.000140,41.500021,0.000000,105.000246,120.000281,105.000246,120.000281,0.000000
361,-60.000140,-41.500021,0.000000,-105.000246,-120.000281,-105.000246,-120.000281,60.000140,41.500021,0.000000,105.000246,120.000281,105.000246,120.000281,0.000000
362,-60.000140,-41.500021,0.000000,-105.000246,-120.000281,-105.000246,-120.000281,60.000140,41.500021,0.000000,105.000246,120.000281,105.000246,120.000281,0.000000
363,-60.000140,-41.500021,0.000000,-105.000246,-120.000281,-105.000246,-120.000281,60.000140,41.500021,0.000000,105.000246,120.000281,105.000246,120.000281,0.000000
364,-60.000140,-41.500021,0.000000,-105.000246,-120.000281,-105.000246,-120.000281,60.000140,41.500021,0.000000,105.000246,120.000281,105.000246,120.000281,0.000000
365,-60.000140,-41.500021,0.000000,-105.000246,-120.000281,-105.000246,-120.000281,60.000140,41.500021,0.000000,105.000246,120.000281,105.000246,120.000281,0.000000
366,-60.000140,-41.500021,0.000000,-105.000246,-120.000281,-105.000246,-120.000281,60.000140,41.500021,0.000000,105.000246,120.000281,105.000246,120.000281,0.000000
367,-60.000140,-41.500021,0.000000,-105.000246,-120.000281,-105.000246,-120.000281,60.000140,41.500021,0.000000,105.000246,120.000281,105.000246,120.000281,0.000000
368,-60.000140,-41.500021,0.000000,-105.000246,-120.000281,-105.000246,-120.000281,60.000140,41.500021,0.000000,105.000246,120.000281,105.000246,120.000281,0.000000
369,-60.000140,-41.500021,0.000000,-105.000246,-120.000281,-105.000246,-120.000281,60.000140,41.500021,0.000000,105.000246,120.000281,105.000246,120.000281,0.000000
370,-60.000140,-41.500021,0.000000,-105.000246,-120.000281,-105.000246,-120.000281,60.000140,41.500021,0.000000,105.000246,120.000281,105.000246,120.000281,0.000000
371,-60.000140,-41.500021,0.000000,-105.000246,-120.000281,-105.000246,-120.000281,60.000140,41.500021,0.000000,105.000246,120.000281,105.000246,120.000281,0.000000
372,-60.000140,-41.500021,0.000000,-105.000246,-120.000281,-105.000246,-120.000281,60.000140,41.500021,0.000000,105.000246,120.000281,105.000246,120.000281,0.000000
373,-60.000140,-41.500021,0.000000,-105.000246,-120.000281,-105.000246,-120.000281,60.000140,41.500021,0.000000,105.000246,120.000281,105.000246,120.000281,0.000000
374,-60.000140,-41.500021,0.000000,-105.000246,-120.000281,-105.000246,-120.000281,60.000140,41.500021,0.000000,105.000246,120.000281,105.000246,120.000281,0.000000
375,-60.000140,-41.500021,0.000000,-105.000246,-120.000281,-105.000246,-120.000281,60.000140,41.500021,0.000000,105.000246,120.000281,105.000246,120.000281,0.000000
376,-60.000140,-41.500021,0.000000,-105.000246,-120.000281,-105.000246,-120.000281,60.000140,41.500021,0.000000,105.000246,120.000281,105.000246,120.000281,0.000000
377,-60.000140,-41.500021,0.000000,-105.000246,-120.000281,-105.000246,-120.000281,60.000140,41.500021,0.000000,105.000246,120.000281,105.000246,120.000281,0.000000
378,-60.000140,-41.500021,0.000000,-105.000246,-120.000281,-105.000246,-120.000281,60.000140,41.500021,0.000000,105.000246,120.000281,105.000246,120.000281,0.000000
379,-60.000140,-41.500021,0.000000,-105.000246,-120.000281,-105.000246,-120.000281,60.000140,41.500021,0.000000,105.000246,120.000281,105.000246,120.000281,0.000000
380,-60.000140,-41.500021,0.000000,-105.000246,-120.000281,-105.000246,-120.000281,60.000140,41.500021,0.000000,105.000246,120.000281,105.000246,120.000281,0.000000
381,-60.000140,-41.500021,0.000000,-105.000246,-120.000281,-105.000246,-120.000281,60.000140,41.500021,0.000000,105.000246,120.000281,105.000246,120.000281,0.000000
382,-60.000140,-41.500021,0.000000,-105.000246,-120.000281,-105.000246,-120.000281,60.000140,41.500021,0.000000,105.000246,120.000281,105.000246,120.000281,0.000000
383,-60.000140,-41.500021,0.000000,-105.000246,-120.000281,-105.000246,-120.000281,60.000140,41.500021,0.000000,105.000246,120.000281,105.000246,120.000281,0.000000
384,-60.000140,-41.500021,0.000000,-105.000246,-120.000281,-105.000246,-120.000281,60.000140,41.500021,0.000000,105.000246,120.000281,105.000246,120.000281,0.000000
385,-60.000140,-41.500021,0.000000,-105.000246,-120.000281,-105.000246,-120.000281,60.000140,41.500021,0.000000,105.000246,120.000281,105.000246,120.000281,0.000000
386,-60.000140,-41.500021,0.000000,-105.000246,-120.000281,-105.000246,-120.000281,60.000140,41.500021,0.000000,105.000246,120.000281,105.000246,120.000281,0.000000
387,-60.000140,-41.500021,0.000000,-105.000246,-120.000281,-105.000246,-120.000281,60.000140,41.500021,0.000000,105.000246,120.000281,105.000246,120.000281,0.000000
388,-60.000140,-41.500021,0.000000,-105.000246,-120.000281,-105.000246,-120.000281,60.000140,41.500021,0.000000,105.000246,120.000281,105.000246,120.000281,0.000000
389,-60.000140,-41.500021,0.000000,-105.000246,-120.000281,-105.000246,-120.000281,60.000140,41.500021,0.000000,105.000246,120.000281,105.000246,120.000281,0.000000
390,-60.000140,-41.500021,0.000000,-105.000246,-120.000281,-105.000246,-120.000281,60.000140,41.500021,0.000000,105.000246,120.000281,105.000246,120.000281,0.000000
391,-60.000140,-41.500021,0.000000,-105.000246,-120.000281,-105.000246,-120.000281,60.000140,41.500021,0.000000,105.000246,120.000281,105.000246,120.000281,0.000000
392,-60.000140,-41.500021,0.000000,-105.000246,-120.000281,-105.000246,-120.000281,60.000140,41.500021,0.000000,105.000246,120.000281,105.000246,120.000281,0.000000
393,-60.000140,-41.500021,0.000000,-105.000246,-120.000281,-105.000246,-120.000281,60.000140,41.500021,0.000000,105.000246,120.000281,105.000246,120.000281,0.000000
394,-60.000140,-41.500021,0.000000,-105.000246,-120.000281,-105.000246,-120.000281,60.000140,41.500021,0.000000,105.000246,120.000281,105.000246,120.000281,0.000000
395,-60.000140,-41.500021,0.000000,-105.000246,-120.000281,-105.000246,-120.000281,60.000140,41.500021,0.000000,105.000246,120.000281,105.000246,120.000281,0.000000
396,-60.000140,-41.500021,0.000000,-105.000246,-120.000281,-105.000246,-120.000281,60.000140,41.500021,0.000000,105.000246,120.000281,105.000246,120.000281,0.000000
397,-60.000140,-41.500021,0.000000,-105.000246,-120.000281,-105.000246,-120.000281,60.000140,41.500021,0.000000,105.000246,120.000281,105.000246,120.000281,0.000000
398,-60.000140,-41.500021,0.000000,-105.000246,-120.000281,-105.000246,-120.000281,60.000140,41.500021,0.000000,105.000246,120.000281,105.000246,120.000281,0.000000
399,-60.000140,-41.500021,0.000000,-105.000246,-120.000281,-105.000246,-120.000281,60.000140,41.500021,0.000000,105.000246,120.000281,105.000246,120.000281,0.000000
400,-60.000140,-41.500021,0.000000,-105.000246,-120.000281,-105.000246,-120.000281,60.000140,41.500021,0.000000,105.000246,120.000281,105.000246,120.000281,0.000000
401,-60.000140,-41.500021,0.000000,-105.000246,-120.000281,-105.000246,-120.000281,60.000140,41.500021,0.000000,105.000246,120.000281,105.000246,120.000281,0.000000
402,-60.000140,-41.500021,0.000000,-105.000246,-120.000281,-105.000246,-120.000281,60.000140,41.500021,0.000000,105.000246,120.000281,105.000246,120.000281,0.000000
403,-60.000140,-41.500021,0.000000,-105.000246,-120.000281,-105.000246,-120.000281,60.000140,41.500021,0.000000,105.000246,120.000281,105.000246,120.000281,0.000000
404,-60.000140,-41.500021,0.000000,-105.000246,-120.000281,-105.000246,-120.000281,60.000140,41.500021,0.000000,105.000246,120.000281,105.000246,120.000281,0.000000
405,-60.000140,-41.500021,0.000000,-105.000246,-120.000281,-105.000246,-120.000281,60.000140,41.500021,0.000000,105.000246,120.000281,105.000246,120.000281,0.000000
406,-60.000140,-41.500021,0.000000,-105.000246,-120.000281,-105.000246,-120.000281,60.000140,41.500021,0.000000,105.000246,120.000281,105.000246,120.000281,0.000000
407,-60.000140,-41.500021,0.000000,-105.000246,-120.000281,-105.000246,-120.000281,60.000140,41.500021,0.000000,105.000246,120.000281,105.000246,120.000281,0.000000
408,-60.000140,-41.500021,0.000000,-105.000246,-120.000281,-105.000246,-120.000281,60.000140,41.500021,0.000000,105.000246,120.000281,105.000246,120.000281,0.000000
409,-60.000140,-41.500021,0.000000,-105.000246,-120.000281,-105.000246,-120.000281,60.000140,41.500021,0.000000,105.000246,120.000281,105.000246,120.000281,0.000000
410,-60.000140,-41.500021,0.000000,-105.000246,-120.000281,-105.000246,-120.000281,60.000140,41.500021,0.000000,105.000246,120.000281,105.000246,120.000281,0.000000
411,-60.000140,-41.500021,0.000000,-105.000246,-120.000281,-105.000246,-120.000281,60.000140,41.500021,0.000000,105.000246,120.000281,105.000246,120.000281,0.000000
412,-60.000140,-41.500021,0.000000,-105.000246,-120.000281,-105.000246,-120.000281,60.000140,41.500021,0.000000,105.000246,120.000281,105.000246,120.000281,0.000000
413,-60.000140,-41.500021,0.000000,-105.000246,-120.000281,-105.000246,-120.000281,60.000140,41.500021,0.000000,105.000246,120.000281,105.000246,120.000281,0.000000
414,-60.000140,-41.500021,0.000000,-105.000246,-120.000281,-105.000246,-120.000281,60.000140,41.500021,0.000000,105.000246,120.000281,105.000246,120.000281,0.000000
415,-60.000140,-41.500021,0.000000,-105.000246,-120.000281,-105.000246,-120.000281,60.000140,41.500021,0.000000,105.000246,120.000281,105.000246,120.000281,0.000000
416,-60.000140,-41.500021,0.000000,-105.000246,-120.000281,-105.000246,-120.000281,60.000140,41.500021,0.000000,105.000246,120.000281,105.000246,120.000281,0.000000
417,-60.000140,-41.500021,0.000000,-105.000246,-120.000281,-105.000246,-120.000281,60.000140,41.500021,0.000000,105.000246,120.000281,105.000246,120.000281,0.000000
418,-60.000140,-41.500021,0.000000,-105.000246,-120.000281,-105.000246,-120.000281,60.000140,41.500021,0.000000,105.000246,120.000281,105.000246,120.000281,0.000000
419,-60.000140,-41.500021,0.000000,-105.000246,-120.000281,-105.000246,-120.000281,60.000140,41.500021,0.000000,105.000246,120.000281,105.000246,120.000281,0.000000
420,-60.000140,-41.500021,0.000000,-105.000246,-120.000281,-105.000246,-120.000281,60.000140,41.500021,0.000000,105.000246,120.000281,105.000246,120.000281,0.000000
421,-60.000140,-41.500021,0.000000,-105.000246,-120.000281,-105.000246,-120.000281,60.000140,41.500021,0.000000,105.000246,120.000281,105.000246,120.000281,0.000000
422,-60.000140,-41.500021,0.000000,-105.000246,-120.000281,-105.000246,-120.000281,60.000140,41.500021,0.000000,105.000246,120.000281,105.000246,120.000281,0.000000
423,-60.000140,-41.500021,0.000000,-105.000246,-120.000281,-105.000246,-120.000281,60.000140,41.500021,0.000000,105.000246,120.000281,105.000246,120.000281,0.000000
424,-60.000140,-41.500021,0.000000,-105.000246,-120.000281,-105.000246,-120.000281,60.000140,41.500021,0.000000,105.000246,120.000281,105.000246,120.000281,0.000000
425,-60.000140,-41.500021,0.000000,-105.000246,-120.000281,-105.000246,-120.000281,60.000140,41.500021,0.000000,105.000246,120.000281,105.000246,120.000281,0.000000
426,-60.000140,-41.500021,0.000000,-105.000246,-120.000281,-105.000246,-120.000281,60.000140,41.500021,0.000000,105.000246,120.000281,105.000246,120.000281,0.000000
427,-60.000140,-41.500021,0.000000,-105.000246,-120.000281,-105.000246,-120.000281,60.000140,41.500021,0.000000,105.000246,120.000281,105.000246,120.000281,0.000000
428,-60.000140,-41.500021,0.000000,-105.000246,-120.000281,-105.000246,-120.000281,60.000140,41.500021,0.000000,105.000246,120.000281,105.000246,120.000281,0.000000
429,-60.000140,-41.500021,0.000000,-105.000246,-120.000281,-105.000246,-120.000281,60.000140,41.500021,0.000000,105.000246,120.000281,105.000246,120.000281,0.000000
430,-60.000140,-41.500021,0.000000,-105.000246,-120.000281,-105.000246,-120.000281,60.000140,41.500021,0.000000,105.000246,120.000281,105.000246,120.000281,0.000000
431,-60.000140,-41.500021,0.000000,-105.000246,-120.000281,-105.000246,-120.000281,60.000140,41.500021,0.000000,105.000246,120.000281,105.000246,120.000281,0.000000
432,-60.000140,-41.500021,0.000000,-105.000246,-120.000281,-105.000246,-120.000281,60.000140,41.500021,0.000000,105.000246,120.000281,105.000246,120.000281,0.000000
433,-60.000140,-41.500021,0.000000,-105.000246,-120.000281,-105.000246,-120.000281,60.000140,41.500021,0.000000,105.000246,120.000281,105.000246,120.000281,0.000000
434,-60.000140,-41.500021,0.000000,-105.000246,-120.000281,-105.000246,-120.000281,60.000140,41.500021,0.000000,105.000246,120.000281,105.000246,120.000281,0.000000
435,-60.000140,-41.500021,0.000000,-105.000246,-120.000281,-105.000246,-120.000281,60.000140,41.500021,0.000000,105.000246,120.000281,105.000246,120.000281,0.000000
436,-60.000140,-41.500021,0.000000,-105.000246,-120.000281,-105.000246,-120.000281,60.000140,41.500021,0.000000,105.000246,120.000281,105.000246,120.000281,0.000000
437,-60.000140,-41.500021,0.000000,-105.000246,-120.000281,-105.000246,-120.000281,60.000140,41.500021,0.000000,105.000246,120.000281,105.000246,120.000281,0.000000
438,-60.000140,-41.500021,0.000000,-105.000246,-120.000281,-105.000246,-120.000281,60.000140,41.500021,0.000000,105.000246,120.000281,105.000246,120.000281,0.000000
439,-60.000140,-41.500021,0.000000,-105.000246,-120.000281,-105.000246,-120.000281,60.000140,41.500021,0.000000,105.000246,120.000281,105.000246,120.000281,0.000000
440,-60.000140,-41.500021,0.000000,-105.000246,-120.000281,-105.000246,-120.000281,60.000140,41.500021,0.000000,105.000246,120.000281,105.000246,120.000281,0.000000
441,-60.000140,-41.500021,0.000000,-105.000246,-120.000281,-105.000246,-120.000281,60.000140,41.500021,0.000000,105.000246,120.000281,105.000246,120.000281,0.000000
442,-60.000140,-41.500021,0.000000,-105.000246,-120.000281,-105.000246,-120.000281,60.000140,41.500021,0.000000,105.000246,120.000281,105.000246,120.000281,0.000000
443,-60.000140,-41.500021,0.000000,-105.000246,-120.000281,-105.000246,-120.000281,60.000140,41.500021,0.000000,105.000246,120.000281,105.000246,120.000281,0.000000
444,-60.000140,-41.500021,0.000000,-105.000246,-120.000281,-105.000246,-120.000281,60.000140,41.500021,0.000000,105.000246,120.000281,105.000246,120.000281,0.000000
445,-60.000140,-41.500021,0.000000,-105.000246,-120.000281,-105.000246,-120.000281,60.000140,41.500021,0.000000,105.000246,120.000281,105.000246,120.000281,0.000000
446,-60.000140,-41.500021,0.000000,-105.000246,-120.000281,-105.000246,-120.000281,60.000140,41.500021,0.000000,105.000246,120.000281,105.000246,120.000281,0.000000
447,-60.000140,-41.500021,0.000000,-105.000246,-120.000281,-105.000246,-120.000281,60.000140,41.500021,0.000000,105.000246,120.000281,105.000246,120.000281,0.000000
448,-60.000140,-41.500021,0.000000,-105.000246,-120.000281,-105.000246,-120.000281,60.000140,41.500021,0.000000,105.000246,120.000281,105.000246,120.000281,0.000000
449,-60.000140,-41.500021,0.000000,-105.000246,-120.000281,-105.000246,-120.000281,60.000140,41.500021,0.000000,105.000246,120.000281,105.000246,120.000281,0.000000
450,-60.000140,-41.500021,0.000000,-105.000246,-120.000281,-105.000246,-120.000281,60.000140,41.500021,0.000000,105.000246,120.000281,105.000246,120.000281,0.000000
451,-60.000140,-41.500021,0.000000,-105.000246,-120.000281,-105.000246,-120.000281,60.000140,41.500021,0.000000,105.000246,120.000281,105.000246,120.000281,0.000000
452,-60.000140,-41.500021,0.000000,-105.000246,-120.000281,-105.000246,-120.000281,60.000140,41.500021,0.000000,105.000246,120.000281,105.000246,120.000281,0.000000
453,-60.000140,-41.500021,0.000000,-105.000246,-120.000281,-105.000246,-120.000281,60.000140,41.500021,0.000000,105.000246,120.000281,105.000246,120.000281,0.000000
454,-60.000140,-41.500021,0.000000,-105.000246,-120.000281,-105.000246,-120.000281,60.000140,41.500021,0.000000,105.000246,120.000281,105.000246,120.000281,0.000000
455,-60.000140,-41.500021,0.000000,-105.000246,-120.000281,-105.000246,-120.000281,60.000140,41.500021,0.000000,105.000246,120.000281,105.000246,120.000281,0.000000
456,-60.000140,-41.500021,0.000000,-105.000246,-120.000281,-105.000246,-120.000281,60.000140,41.500021,0.000000,105.000246,120.000281,105.000246,120.000281,0.000000
457,-60.000140,-41.500021,0.000000,-105.000246,-120.000281,-105.000246,-120.000281,60.000140,41.500021,0.000000,105.000246,120.000281,105.000246,120.000281,0.000000
458,-60.000140,-41.500021,0.000000,-105.000246,-120.000281,-105.000246,-120.000281,60.000140,41.500021,0.000000,105.000246,120.000281,105.000246,120.000281,0.000000
459,-60.000140,-41.500021,0.000000,-105.000246,-120.000281,-105.000246,-120.000281,60.000140,41.500021,0.000000,105.000246,120.000281,105.000246,120.000281,0.000000
460,-60.000140,-41.500021,0.000000,-105.000246,-120.000281,-105.000246,-120.000281,60.000140,41.500021,0.000000,105.000246,120.000281,105.000246,120.000281,0.000000
461,-60.000140,-41.500021,0.000000,-105.000246,-120.000281,-105.000246,-120.000281,60.000140,41.500021,0.000000,105.000246,120.000281,105.000246,120.000281,0.000000
462,-60.000140,-41.500021,0.000000,-105.000246,-120.000281,-105.000246,-120.000281,60.000140,41.500021,0.000000,105.000246,120.000281,105.000246,120.000281,0.000000
463,-60.000140,-41.500021,0.000000,-105.000246,-120.000281,-105.000246,-120.000281,60.000140,41.500021,0.000000,105.000246,120.000281,105.000246,120.000281,0.000000
464,-60.000140,-41.500021,0.000000,-105.000246,-120.000281,-105.000246,-120.000281,60.000140,41.500021,0.000000,105.000246,120.000281,105.000246,120.000281,0.000000
465,-60.000140,-41.500021,0.000000,-105.000246,-120.000281,-105.000246,-120.000281,60.000140,41.500021,0.000000,105.000246,120.000281,105.000246,120.000281,0.000000
466,-60.000140,-41.500021,0.000000,-105.000246,-120.000281,-105.000246,-120.000281,60.000140,41.500021,0.000000,105.000246,120.000281,105.000246,120.000281,0.000000
467,-60.000140,-41.500021,0.000000,-105.000246,-120.000281,-105.000246,-120.000281,60.000140,41.500021,0.000000,105.000246,120.000281,105.000246,120.000281,0.000000
468,-60.000140,-41.500021,0.000000,-105.000246,-120.000281,-105.000246,-120.000281,60.000140,41.500021,0.000000,105.000246,120.000281,105.000246,120.000281,0.000000
469,-60.000140,-41.500021,0.000000,-105.000246,-120.000281,-105.000246,-120.000281,60.000140,41.500021,0.000000,105.000246,120.000281,105.000246,120.000281,0.000000
470,-60.000140,-41.500021,0.000000,-105.000246,-120.000281,-105.000246,-120.000281,60.000140,41.500021,0.000000,105.000246,120.000281,105.000246,120.000281,0.000000
471,-60.000140,-41.500021,0.000000,-105.000246,-120.000281,-105.000246,-120.000281,60.000140,41.500021,0.000000,105.000246,120.000281,105.000246,120.000281,0.000000
472,-60.000140,-41.500021,0.000000,-105.000246,-120.000281,-105.000246,-120.000281,60.000140,41.500021,0.000000,105.000246,120.000281,105.000246,120.000281,0.000000
473,-60.000140,-41.500021,0.000000,-105.000246,-120.000281,-105.000246,-120.000281,60.000140,41.500021,0.000000,105.000246,120.000281,105.000246,120.000281,0.000000
474,-60.000140,-41.500021,0.000000,-105.000246,-120.000281,-105.000246,-120.000281,60.000140,41.500021,0.000000,105.000246,120.000281,105.000246,120.000281,0.000000
475,-60.000140,-41.500021,0.000000,-105.000246,-120.000281,-105.000246,-120.000281,60.000140,41.500021,0.000000,105.000246,120.000281,105.000246,120.000281,0.000000
476,-60.000140,-41.500021,0.000000,-105.000246,-120.000281,-105.000246,-120.000281,60.000140,41.500021,0.000000,105.000246,120.000281,105.000246,120.000281,0.000000
477,-60.000140,-41.500021,0.000000,-105.000246,-120.000281,-105.000246,-120.000281,60.000140,41.500021,0.000000,105.000246,120.000281,105.000246,120.000281,0.000000
478,-60.000140,-41.500021,0.000000,-105.000246,-120.000281,-105.000246,-120.000281,60.000140,41.500021,0.000000,105.000246,120.000281,105.000246,120.000281,0.000000
479,-60.000140,-41.500021,0.000000,-105.000246,-120.000281,-105.000246,-120.000281,60.000140,41.500021,0.000000,105.000246,120.000281,105.000246,120.000281,0.000000
480,-60.000140,-41.500021,0.000000,-105.000246,-120.000281,-105.000246,-120.000281,60.000140,41.500021,0.000000,105.000246,120.000281,105.000246,120.000281,0.000000
481,-60.000140,-41.500021,0.000000,-105.000246,-120.000281,-105.000246,-120.000281,60.000140,41.500021,0.000000,105.000246,120.000281,105.000246,120.000281,0.000000
482,-60.000140,-41.500021,0.000000,-105.000246,-120.000281,-105.000246,-120.000281,60.000140,41.500021,0.000000,105.000246,120.000281,105.000246,120.000281,0.000000
483,-60.000140,-41.500021,0.000000,-105.000246,-120.000281,-105.000246,-120.000281,60.000140,41.500021,0.000000,105.000246,120.000281,105.000246,120.000281,0.000000
484,-60.000140,-41.500021,0.000000,-105.000246,-120.000281,-105.000246,-120.000281,60.000140,41.500021,0.000000,105.000246,120.000281,105.000246,120.000281,0.000000
485,-60.000140,-41.500021,0.000000,-105.000246,-120.000281,-105.000246,-120.000281,60.000140,41.500021,0.000000,105.000246,120.000281,105.000246,120.000281,0.000000
486,-60.000140,-41.500021,0.000000,-105.000246,-120.000281,-105.000246,-120.000281,60.000140,41.500021,0.000000,105.000246,120.000281,105.000246,120.000281,0.000000
487,-60.000140,-41.500021,0.000000,-105.000246,-120.000281,-105.000246,-120.000281,60.000140,41.500021,0.000000,105.000246,120.000281,105.000246,120.000281,0.000000
488,-60.000140,-41.500021,0.000000,-105.000246,-120.000281,-105.000246,-120.000281,60.000140,41.500021,0.000000,105.000246,120.000281,105.000246,120.000281,0.000000
489,-60.000140,-41.500021,0.000000,-105.000246,-120.000281,-105.000246,-120.000281,60.000140,41.500021,0.000000,105.000246,120.000281,105.000246,120.000281,0.000000
490,-60.000140,-41.500021,0.000000,-105.000246,-120.000281,-105.000246,-120.000281,60.000140,41.500021,0.000000,105.000246,120.000281,105.000246,120.000281,0.000000
491,-60.000140,-41.500021,0.000000,-105.000246,-120.000281,-105.000246,-120.000281,60.000140,41.500021,0.000000,105.000246,120.000281,105.000246,120.000281,0.000000
492,-60.000140,-41.500021,0.000000,-105.000246,-120.000281,-105.000246,-120.000281,60.000140,41.500021,0.000000,105.000246,120.000281,105.000246,120.000281,0.000000
493,-60.000140,-41.500021,0.000000,-105.000246,-120.000281,-105.000246,-120.000281,60.000140,41.500021,0.000000,105.000246,120.000281,105.000246,120.000281,0.000000
494,-60.000140,-41.500021,0.000000,-105.000246,-120.000281,-105.000246,-120.000281,60.000140,41.500021,0.000000,105.000246,120.000281,105.000246,120.000281,0.000000
495,-60.000140,-41.500021,0.000000,-105.000246,-120.000281,-105.000246,-120.000281,60.000140,41.500021,0.000000,105.000246,120.000281,105.000246,120.000281,0.000000
496,-60.000140,-41.500021,0.000000,-105.000246,-120.000281,-105.000246,-120.000281,60.000140,41.500021,0.000000,105.000246,120.000281,105.000246,120.000281,0.000000
497,-60.000140,-41.500021,0.000000,-105.000246,-120.000281,-105.000246,-120.000281,60.000140,41.500021,0.000000,105.000246,120.000281,105.000246,120.000281,0.000000
498,-60.000140,-41.500021,0.000000,-105.000246,-120.000281,-105.000246,-120.000281,60.000140,41.500021,0.000000,105.000246,120.000281,105.000246,120.000281,0.000000
499,-60.000140,-41.500021,0.000000,-105.000246,-120.000281,-105.000246,-120.000281,60.000140,41.500021,0.000000,105.000246,120.000281,105.000246,120.000281,0.000000
500,-60.000140,-41.500021,0.000000,-105.000246,-120.000281,-105.000246,-120.000281,60.000140,41.500021,0.000000,105.000246,120.000281,105.000246,120.000281,0.000000
501,-60.000140,-41.500021,0.000000,-105.000246,-120.000281,-105.000246,-120.000281,60.000140,41.500021,0.000000,105.000246,120.000281,105.000246,120.000281,0.000000
502,-60.000140,-41.500021,0.000000,-105.000246,-120.000281,-105.000246,-120.000281,60.000140,41.500021,0.000000,105.000246,120.000281,105.000246,120.000281,0.000000
503,-60.000140,-41.500021,0.000000,-105.000246,-120.000281,-105.000246,-120.000281,60.000140,41.500021,0.000000,105.000246,120.000281,105.000246,120.000281,0.000000
504,-60.000140,-41.500021,0.000000,-105.000246,-120.000281,-105.000246,-120.000281,60.000140,41.500021,0.000000,105.000246,120.000281,105.000246,120.000281,0.000000
505,-60.000140,-41.500021,0.000000,-105.000246,-120.000281,-105.000246,-120.000281,60.000140,41.500021,0.000000,105.000246,120.000281,105.000246,120.000281,0.000000
506,-60.000140,-41.500021,0.000000,-105.000246,-120.000281,-105.000246,-120.000281,60.000140,41.500021,0.000000,105.000246,120.000281,105.000246,120.000281,0.000000
507,-60.000140,-41.500021,0.000000,-105.000246,-120.000281,-105.000246,-120.000281,60.000140,41.500021,0.000000,105.000246,120.000281,105.000246,120.000281,0.000000
508,-60.000140,-41.500021,0.000000,-105.000246,-120.000281,-105.000246,-120.000281,60.000140,41.500021,0.000000,105.000246,120.000281,105.000246,120.000281,0.000000
509,-60.000140,-41.500021,0.000000,-105.000246,-120.000281,-105.000246,-120.000281,60.000140,41.500021,0.000000,105.000246,120.000281,105.000246,120.000281,0.000000
510,-60.000140,-41.500021,0.000000,-105.000246,-120.000281,-105.000246,-120.000281,60.000140,41.500021,0.000000,105.000246,120.000281,105.000246,120.000281,0.000000
511,-60.000140,-41.500021,0.000000,-105.000246,-120.000281,-105.000246,-120.000281,60.000140,41.500021,0.000000,105.000246,120.000281,105.000246,120.000281,0.000000
512,-60.000140,-41.500021,0.000000,-105.000246,-120.000281,-105.000246,-120.000281,60.000140,41.500021,0.000000,105.000246,120.000281,105.000246,120.000281,0.000000
513,-60.000140,-41.500021,0.000000,-105.000246,-120.000281,-105.000246,-120.000281,60.000140,41.500021,0.000000,105.000246,120.000281,105.000246,120.000281,0.000000
514,-60.000140,-41.500021,0.000000,-105.000246,-120.000281,-105.000246,-120.000281,60.000140,41.500021,0.000000,105.000246,120.000281,105.000246,120.000281,0.000000
515,-60.000140,-41.500021,0.000000,-105.000246,-120.000281,-105.000246,-120.000281,60.000140,41.500021,0.000000,105.000246,120.000281,105.000246,120.000281,0.000000
516,-60.000140,-41.500021,0.000000,-105.000246,-120.000281,-105.000246,-120.000281,60.000140,41.500021,0.000000,105.000246,120.000281,105.000246,120.000281,0.000000
517,-60.000140,-41.500021,0.000000,-105.000246,-120.000281,-105.000246,-120.000281,60.000140,41.500021,0.000000,105.000246,120.000281,105.000246,120.000281,0.000000
518,-60.000140,-41.500021,0.000000,-105.000246,-120.000281,-105.000246,-120.000281,60.000140,41.500021,0.000000,105.000246,120.000281,105.000246,120.000281,0.000000
519,-60.000140,-41.500021,0.000000,-105.000246,-120.000281,-105.000246,-120.000281,60.000140,41.500021,0.000000,105.000246,120.000281,105.000246,120.000281,0.000000
520,-60.000140,-41.500021,0.000000,-105.000246,-120.000281,-105.000246,-120.000281,60.000140,41.500021,0.000000,105.000246,120.000281,105.000246,120.000281,0.000000
521,-60.000140,-41.500021,0.000000,-105.000246,-120.000281,-105.000246,-120.000281,60.000140,41.500021,0.000000,105.000246,120.000281,105.000246,120.000281,0.000000
522,-60.000140,-41.500021,0.000000,-105.000246,-120.000281,-105.000246,-120.000281,60.000140,41.500021,0.000000,105.000246,120.000281,105.000246,120.000281,0.000000
523,-60.000140,-41.500021,0.000000,-105.000246,-120.000281,-105.000246,-120.000281,60.000140,41.500021,0.000000,105.000246,120.000281,105.000246,120.000281,0.000000
524,-60.000140,-41.500021,0.000000,-105.000246,-120.000281,-105.000246,-120.000281,60.000140,41.500021,0.000000,105.000246,120.000281,105.000246,120.000281,0.000000
525,-60.000140,-41.500021,0.000000,-105.000246,-120.000281,-105.000246,-120.000281,60.000140,41.500021,0.000000,105.000246,120.000281,105.000246,120.000281,0.000000
526,-60.000140,-41.500021,0.000000,-105.000246,-120.000281,-105.000246,-120.000281,60.000140,41.500021,0.000000,105.000246,120.000281,105.000246,120.000281,0.000000
527,-60.000140,-41.500021,0.000000,-105.000246,-120.000281,-105.000246,-120.000281,60.000140,41.500021,0.000000,105.000246,120.000281,105.000246,120.000281,0.000000
528,-60.000140,-41.500021,0.000000,-105.000246,-120.000281,-105.000246,-120.000281,60.000140,41.500021,0.000000,105.000246,120.000281,105.000246,120.000281,0.000000
529,-60.000140,-41.500021,0.000000,-105.000246,-120.000281,-105.000246,-120.000281,60.000140,41.500021,0.000000,105.000246,120.000281,105.000246,120.000281,0.000000
530,-60.000140,-41.500021,0.000000,-105.000246,-120.000281,-105.000246,-120.000281,60.000140,41.500021,0.000000,105.000246,120.000281,105.000246,120.000281,0.000000
531,-60.000140,-41.500021,0.000000,-105.000246,-120.000281,-105.000246,-120.000281,60.000140,41.500021,0.000000,105.000246,120.000281,105.000246,120.000281,0.000000
532,-60.000140,-41.500021,0.000000,-105.000246,-120.000281,-105.000246,-120.000281,60.000140,41.500021,0.000000,105.000246,120.000281,105.000246,120.000281,0.000000
533,-60.000140,-41.500021,0.000000,-105.000246,-120.000281,-105.000246,-120.000281,60.000140,41.500021,0.000000,105.000246,120.000281,105.000246,120.000281,0.000000
534,-60.000140,-41.500021,0.000000,-105.000246,-120.000281,-105.000246,-120.000281,60.000140,41.500021,0.000000,105.000246,120.000281,105.000246,120.000281,0.000000
535,-60.000140,-41.500021,0.000000,-105.000246,-120.000281,-105.000246,-120.000281,60.000140,41.500021,0.000000,105.000246,120.000281,105.000246,120.000281,0.000000
536,-60.000140,-41.500021,0.000000,-105.000246,-120.000281,-105.000246,-120.000281,60.000140,41.500021,0.000000,105.000246,120.000281,105.000246,120.000281,0.000000
537,-60.000140,-41.500021,0.000000,-105.000246,-120.000281,-105.000246,-120.000281,60.000140,41.500021,0.000000,105.000246,120.000281,105.000246,120.000281,0.000000
538,-60.000140,-41.500021,0.000000,-105.000246,-120.000281,-105.000246,-120.000281,60.000140,41.500021,0.000000,105.000246,120.000281,105.000246,120.000281,0.000000
539,-60.000140,-41.500021,0.000000,-105.000246,-120.000281,-105.000246,-120.000281,60.000140,41.500021,0.000000,105.000246,120.000281,105.000246,120.000281,0.000000
540,-60.000140,-41.500021,0.000000,-105.000246,-120.000281,-105.000246,-120.000281,60.000140,41.500021,0.000000,105.000246,120.000281,105.000246,120.000281,0.000000
541,-60.000140,-41.500021,0.000000,-105.000246,-120.000281,-105.000246,-120.000281,60.000140,41.500021,0.000000,105.000246,120.000281,105.000246,120.000281,0.000000
542,-60.000140,-41.500021,0.000000,-105.000246,-120.000281,-105.000246,-120.000281,60.000140,41.500021,0.000000,105.000246,120.000281,105.000246,120.000281,0.000000
543,-60.000140,-41.500021,0.000000,-105.000246,-120.000281,-105.000246,-120.000281,60.000140,41.500021,0.000000,105.000246,120.000281,105.000246,120.000281,0.000000
544,-60.000140,-41.500021,0.000000,-105.000246,-120.000281,-105.000246,-120.000281,60.000140,41.500021,0.000000,105.000246,120.000281,105.000246,120.000281,0.000000
545,-60.000140,-41.500021,0.000000,-105.000246,-120.000281,-105.000246,-120.000281,60.000140,41.500021,0.000000,105.000246,120.000281,105.000246,120.000281,0.000000
546,-60.000140,-41.500021,0.000000,-105.000246,-120.000281,-105.000246,-120.000281,60.000140,41.500021,0.000000,105.000246,120.000281,105.000246,120.000281,0.000000
547,-60.000140,-41.500021,0.000000,-105.000246,-120.000281,-105.000246,-120.000281,60.000140,41.500021,0.000000,105.000246,120.000281,105.000246,120.000281,0.000000
548,-60.000140,-41.500021,0.000000,-105.000246,-120.000281,-105.000246,-120.000281,60.000140,41.500021,0.000000,105.000246,120.000281,105.000246,120.000281,0.000000
549,-60.000140,-41.500021,0.000000,-105.000246,-120.000281,-105.000246,-120.000281,60.000140,41.500021,0.000000,105.000246,120.000281,105.000246,120.000281,0.000000
550,-60.000140,-41.500021,0.000000,-105.000246,-120.000281,-105.000246,-120.000281,60.000140,41.500021,0.000000,105.000246,120.000281,105.000246,120.000281,0.000000
551,-60.000140,-41.500021,0.000000,-105.000246,-120.000281,-105.000246,-120.000281,60.000140,41.500021,0.000000,105.000246,120.000281,105.000246,120.000281,0.000000
552,-60.000140,-41.500021,0.000000,-105.000246,-120.000281,-105.000246,-120.000281,60.000140,41.500021,0.000000,105.000246,120.000281,105.000246,120.000281,0.000000
553,-60.000140,-41.500021,0.000000,-105.000246,-120.000281,-105.000246,-120.000281,60.000140,41.500021,0.000000,105.000246,120.000281,105.000246,120.000281,0.000000
554,-60.000140,-41.500021,0.000000,-105.000246,-120.000281,-105.000246,-120.000281,60.000140,41.500021,0.000000,105.000246,120.000281,105.000246,120.000281,0.000000
555,-60.000140,-41.500021,0.000000,-105.000246,-120.000281,-105.000246,-120.000281,60.000140,41.500021,0.000000,105.000246,120.000281,105.000246,120.000281,0.000000
556,-60.000140,-41.500021,0.000000,-105.000246,-120.000281,-105.000246,-120.000281,60.000140,41.500021,0.000000,105.000246,120.000281,105.000246,120.000281,0.000000
557,-60.000140,-41.500021,0.000000,-105.000246,-120.000281,-105.000246,-120.000281,60.000140,41.500021,0.000000,105.000246,120.000281,105.000246,120.000281,0.000000
558,-60.000140,-41.500021,0.000000,-105.000246,-120.000281,-105.000246,-120.000281,60.000140,41.500021,0.000000,105.000246,120.000281,105.000246,120.000281,0.000000
559,-60.000140,-41.500021,0.000000,-105.000246,-120.000281,-105.000246,-120.000281,60.000140,41.500021,0.000000,105.000246,120.000281,105.000246,120.000281,0.000000
560,-60.000140,-41.500021,0.000000,-105.000246,-120.000281,-105.000246,-120.000281,60.000140,41.500021,0.000000,105.000246,120.000281,105.000246,120.000281,0.000000
561,-60.000140,-41.500021,0.000000,-105.000246,-120.000281,-105.000246,-120.000281,60.000140,41.500021,0.000000,105.000246,120.000281,105.000246,120.000281,0.000000
562,-60.000140,-41.500021,0.000000,-105.000246,-120.000281,-105.000246,-120.000281,60.000140,41.500021,0.000000,105.000246,120.000281,105.000246,120.000281,0.000000
563,-60.000140,-41.500021,0.000000,-105.000246,-120.000281,-105.000246,-120.000281,60.000140,41.500021,0.000000,105.000246,120.000281,105.000246,120.000281,0.000000
564,-60.000140,-41.500021,0.000000,-105.000246,-120.000281,-105.000246,-120.000281,60.000140,41.500021,0.000000,105.000246,120.000281,105.000246,120.000281,0.000000
565,-60.000140,-41.500021,0.000000,-105.000246,-120.000281,-105.000246,-120.000281,60.000140,41.500021,0.000000,105.000246,120.000281,105.000246,120.000281,0.000000
566,-60.000140,-41.500021,0.000000,-105.000246,-120.000281,-105.000246,-120.000281,60.000140,41.500021,0.000000,105.000246,120.000281,105.000246,120.000281,0.000000
567,-60.000140,-41.500021,0.000000,-105.000246,-120.000281,-105.000246,-120.000281,60.000140,41.500021,0.000000,105.000246,120.000281,105.000246,120.000281,0.000000
568,-60.000140,-41.500021,0.000000,-105.000246,-120.000281,-105.000246,-120.000281,60.000140,41.500021,0.000000,105.000246,120.000281,105.000246,120.000281,0.000000
569,-60.000140,-41.500021,0.000000,-105.000246,-120.000281,-105.000246,-120.000281,60.000140,41.500021,0.000000,105.000246,120.000281,105.000246,120.000281,0.000000
570,-60.000140,-41.500021,0.000000,-105.000246,-120.000281,-105.000246,-120.000281,60.000140,41.500021,0.000000,105.000246,120.000281,105.000246,120.000281,0.000000
571,-60.000140,-41.500021,0.000000,-105.000246,-120.000281,-105.000246,-120.000281,60.000140,41.500021,0.000000,105.000246,120.000281,105.000246,120.000281,0.000000
572,-60.000140,-41.500021,0.000000,-105.000246,-120.000281,-105.000246,-120.000281,60.000140,41.500021,0.000000,105.000246,120.000281,105.000246,120.000281,0.000000
573,-60.000140,-41.500021,0.000000,-105.000246,-120.000281,-105.000246,-120.000281,60.000140,41.500021,0.000000,105.000246,120.000281,105.000246,120.000281,0.000000
574,-60.000140,-41.500021,0.000000,-105.000246,-120.000281,-105.000246,-120.000281,60.000140,41.500021,0.000000,105.000246,120.000281,105.000246,120.000281,0.000000
575,-60.000140,-41.500021,0.000000,-105.000246,-120.000281,-105.000246,-120.000281,60.000140,41.500021,0.000000,105.000246,120.000281,105.000246,120.000281,0.000000
576,-60.000140,-41.500021,0.000000,-105.000246,-120.000281,-105.000246,-120.000281,60.000140,41.500021,0.000000,105.000246,120.000281,105.000246,120.000281,0.000000
577,-60.000140,-41.500021,0.000000,-105.000246,-120.000281,-105.000246,-120.000281,60.000140,41.500021,0.000000,105.000246,120.000281,105.000246,120.000281,0.000000
