Frame,root_translateX,root_translateY,root_translateZ,root_rotateX,root_rotateY,root_rotateZ,left_hip_pitch_joint_dof,left_hip_roll_joint_dof,left_hip_yaw_joint_dof,left_knee_joint_dof,left_ankle_pitch_joint_dof,left_ankle_roll_joint_dof,right_hip_pitch_joint_dof,right_hip_roll_joint_dof,right_hip_yaw_joint_dof,right_knee_joint_dof,right_ankle_pitch_joint_dof,right_ankle_roll_joint_dof,waist_yaw_joint_dof,waist_roll_joint_dof,waist_pitch_joint_dof,left_shoulder_pitch_joint_dof,left_shoulder_roll_joint_dof,left_shoulder_yaw_joint_dof,left_elbow_joint_dof,left_wrist_roll_joint_dof,left_wrist_pitch_joint_dof,left_wrist_yaw_joint_dof,right_shoulder_pitch_joint_dof,right_shoulder_roll_joint_dof,right_shoulder_yaw_joint_dof,right_elbow_joint_dof,right_wrist_roll_joint_dof,right_wrist_pitch_joint_dof,right_wrist_yaw_joint_dof
0,0.00000000,0.00000000,77.51385583,0.00000000,0.00000000,0.00000000,-24.00000000,6.00000000,0.00000000,32.00000000,-12.00000000,0.00000000,6.00000000,-6.00000000,0.00000000,26.00000000,-16.00000000,0.00000000,-16.00000000,0.00000000,8.00000000,-18.00000000,20.00000000,0.00000000,82.00000000,0.00000000,0.00000000,0.00000000,-14.00000000,-22.00000000,0.00000000,92.00000000,0.00000000,0.00000000,0.00000000
1,0.00000000,0.00000000,77.51385583,0.00000000,0.00000000,0.00000000,-24.00000000,6.00000000,0.00000000,32.00000000,-12.00000000,0.00000000,6.00000000,-6.00000000,0.00000000,26.00000000,-16.00000000,0.00000000,-16.00000000,0.00000000,8.00000000,-18.00000000,20.00000000,0.00000000,82.00000000,0.00000000,0.00000000,0.00000000,-14.00000000,-22.00000000,0.00000000,92.00000000,0.00000000,0.00000000,0.00000000
2,0.00000000,0.00000000,77.51385583,0.00000000,0.00000000,0.00000000,-24.00000000,6.00000000,0.00000000,32.00000000,-12.00000000,0.00000000,6.00000000,-6.00000000,0.00000000,26.00000000,-16.00000000,0.00000000,-16.00000000,0.00000000,8.00000000,-18.00000000,20.00000000,0.00000000,82.00000000,0.00000000,0.00000000,0.00000000,-14.00000000,-22.00000000,0.00000000,92.00000000,0.00000000,0.00000000,0.00000000
3,0.00000000,0.00000000,77.51385583,0.00000000,0.00000000,0.00000000,-24.00000000,6.00000000,0.00000000,32.00000000,-12.00000000,0.00000000,6.00000000,-6.00000000,0.00000000,26.00000000,-16.00000000,0.00000000,-16.00000000,0.00000000,8.00000000,-18.00000000,20.00000000,0.00000000,82.00000000,0.00000000,0.00000000,0.00000000,-14.00000000,-22.00000000,0.00000000,92.00000000,0.00000000,0.00000000,0.00000000
4,0.00000000,0.00000000,77.51385583,0.00000000,0.00000000,0.00000000,-24.00000000,6.00000000,0.00000000,32.00000000,-12.00000000,0.00000000,6.00000000,-6.00000000,0.00000000,26.00000000,-16.00000000,0.00000000,-16.00000000,0.00000000,8.00000000,-18.00000000,20.00000000,0.00000000,82.00000000,0.00000000,0.00000000,0.00000000,-14.00000000,-22.00000000,0.00000000,92.00000000,0.00000000,0.00000000,0.00000000
5,0.00000000,0.00000000,77.51385583,0.00000000,0.00000000,0.00000000,-24.00000000,6.00000000,0.00000000,32.00000000,-12.00000000,0.00000000,6.00000000,-6.00000000,0.00000000,26.00000000,-16.00000000,0.00000000,-16.00000000,0.00000000,8.00000000,-18.00000000,20.00000000,0.00000000,82.00000000,0.00000000,0.00000000,0.00000000,-14.00000000,-22.00000000,0.00000000,92.00000000,0.00000000,0.00000000,0.00000000
6,0.00000000,0.00000000,77.51385583,0.00000000,0.00000000,0.00000000,-24.00000000,6.00000000,0.00000000,32.00000000,-12.00000000,0.00000000,6.00000000,-6.00000000,0.00000000,26.00000000,-16.00000000,0.00000000,-16.00000000,0.00000000,8.00000000,-18.00000000,20.00000000,0.00000000,82.00000000,0.00000000,0.00000000,0.00000000,-14.00000000,-22.00000000,0.00000000,92.00000000,0.00000000,0.00000000,0.00000000
7,0.00000000,0.00000000,77.51385583,0.00000000,0.00000000,0.00000000,-24.00000000,6.00000000,0.00000000,32.00000000,-12.00000000,0.00000000,6.00000000,-6.00000000,0.00000000,26.00000000,-16.00000000,0.00000000,-16.00000000,0.00000000,8.00000000,-18.00000000,20.00000000,0.00000000,82.00000000,0.00000000,0.00000000,0.00000000,-14.00000000,-22.00000000,0.00000000,92.00000000,0.00000000,0.00000000,0.00000000
8,0.00000000,0.00000000,77.51385583,0.00000000,0.00000000,0.00000000,-24.00000000,6.00000000,0.00000000,32.00000000,-12.00000000,0.00000000,6.00000000,-6.00000000,0.00000000,26.00000000,-16.00000000,0.00000000,-16.00000000,0.00000000,8.00000000,-18.00000000,20.00000000,0.00000000,82.00000000,0.00000000,0.00000000,0.00000000,-14.00000000,-22.00000000,0.00000000,92.00000000,0.00000000,0.00000000,0.00000000
9,0.00000000,0.00000000,77.51385583,0.00000000,0.00000000,0.00000000,-24.00000000,6.00000000,0.00000000,32.00000000,-12.00000000,0.00000000,6.00000000,-6.00000000,0.00000000,26.00000000,-16.00000000,0.00000000,-16.00000000,0.00000000,8.00000000,-18.00000000,20.00000000,0.00000000,82.00000000,0.00000000,0.00000000,0.00000000,-14.00000000,-22.00000000,0.00000000,92.00000000,0.00000000,0.00000000,0.00000000
10,0.00000000,0.00000000,77.51385583,0.00000000,0.00000000,0.00000000,-24.00000000,6.00000000,0.00000000,32.00000000,-12.00000000,0.00000000,6.00000000,-6.00000000,0.00000000,26.00000000,-16.00000000,0.00000000,-16.00000000,0.00000000,8.00000000,-18.00000000,20.00000000,0.00000000,82.00000000,0.00000000,0.00000000,0.00000000,-14.00000000,-22.00000000,0.00000000,92.00000000,0.00000000,0.00000000,0.00000000
11,0.00000000,0.00000000,77.51385583,0.00000000,0.00000000,0.00000000,-24.00000000,6.00000000,0.00000000,32.00000000,-12.00000000,0.00000000,6.00000000,-6.00000000,0.00000000,26.00000000,-16.00000000,0.00000000,-16.00000000,0.00000000,8.00000000,-18.00000000,20.00000000,0.00000000,82.00000000,0.00000000,0.00000000,0.00000000,-14.00000000,-22.00000000,0.00000000,92.00000000,0.00000000,0.00000000,0.00000000
12,0.00000000,0.00000000,77.51385583,0.00000000,0.00000000,0.00000000,-24.00000000,6.00000000,0.00000000,32.00000000,-12.00000000,0.00000000,6.00000000,-6.00000000,0.00000000,26.00000000,-16.00000000,0.00000000,-16.00000000,0.00000000,8.00000000,-18.00000000,20.00000000,0.00000000,82.00000000,0.00000000,0.00000000,0.00000000,-14.00000000,-22.00000000,0.00000000,92.00000000,0.00000000,0.00000000,0.00000000
13,0.00000000,0.00000000,77.51385583,0.00000000,0.00000000,0.00000000,-24.00000000,6.00000000,0.00000000,32.00000000,-12.00000000,0.00000000,6.00000000,-6.00000000,0.00000000,26.00000000,-16.00000000,0.00000000,-16.00000000,0.00000000,8.00000000,-18.00000000,20.00000000,0.00000000,82.00000000,0.00000000,0.00000000,0.00000000,-14.00000000,-22.00000000,0.00000000,92.00000000,0.00000000,0.00000000,0.00000000
14,0.00000000,0.00000000,77.51385583,0.00000000,0.00000000,0.00000000,-24.00000000,6.00000000,0.00000000,32.00000000,-12.00000000,0.00000000,6.00000000,-6.00000000,0.00000000,26.00000000,-16.00000000,0.00000000,-16.00000000,0.00000000,8.00000000,-18.00000000,20.00000000,0.00000000,82.00000000,0.00000000,0.00000000,0.00000000,-14.00000000,-22.00000000,0.00000000,92.00000000,0.00000000,0.00000000,0.00000000
15,-0.01297223,0.00000000,77.50234689,0.00000000,0.00000000,0.00000000,-23.97405553,6.00000000,0.00000000,31.97405553,-12.00000000,0.00000000,6.02594447,-6.00000000,0.00000000,26.04324078,-16.01729631,0.00000000,-16.08648157,0.00000000,7.99135184,-18.02594447,20.02594447,0.00000000,82.03459263,0.00000000,0.00000000,0.00000000,-14.08648157,-22.09512972,-0.12972235,92.01297223,0.00000000,0.00000000,0.00000000
16,-0.05052344,0.00000000,77.46874806,0.00000000,0.00000000,0.00000000,-23.89895312,6.00000000,0.00000000,31.89895312,-12.00000000,0.00000000,6.10104688,-6.00000000,0.00000000,26.16841147,-16.06736459,0.00000000,-16.33682294,0.00000000,7.96631771,-18.10104688,20.10104688,0.00000000,82.13472918,0.00000000,0.00000000,0.00000000,-14.33682294,-22.37050523,-0.50523441,92.05052344,0.00000000,0.00000000,0.00000000
17,-0.11060537,0.00000000,77.41411443,0.00000000,0.00000000,0.00000000,-23.77878926,6.00000000,0.00000000,31.77878926,-12.00000000,0.00000000,6.22121074,-6.00000000,0.00000000,26.36868457,-16.14747383,0.00000000,-16.73736914,0.00000000,7.92626309,-18.22121074,20.22121074,0.00000000,82.29494766,0.00000000,0.00000000,0.00000000,-14.73736914,-22.81110605,-1.10605371,92.11060537,0.00000000,0.00000000,0.00000000
18,-0.19116978,0.00000000,77.33916780,0.00000000,0.00000000,0.00000000,-23.61766045,6.00000000,0.00000000,31.61766045,-12.00000000,0.00000000,6.38233955,-6.00000000,0.00000000,26.63723259,-16.25489304,0.00000000,-17.27446518,0.00000000,7.87255348,-18.38233955,20.38233955,0.00000000,82.50978607,0.00000000,0.00000000,0.00000000,-15.27446518,-23.40191170,-1.91169777,92.19116978,0.00000000,0.00000000,0.00000000
19,-0.29016841,0.00000000,77.24443131,0.00000000,0.00000000,0.00000000,-23.41966318,6.00000000,0.00000000,31.41966318,-12.00000000,0.00000000,6.58033682,-6.00000000,0.00000000,26.96722804,-16.38689122,0.00000000,-17.93445608,0.00000000,7.80655439,-18.58033682,20.58033682,0.00000000,82.77378243,0.00000000,0.00000000,0.00000000,-15.93445608,-24.12790168,-2.90168411,92.29016841,0.00000000,0.00000000,0.00000000
20,-0.40555303,0.00000000,77.13035135,0.00000000,0.00000000,0.00000000,-23.18889395,6.00000000,0.00000000,31.18889395,-12.00000000,0.00000000,6.81110605,-6.00000000,0.00000000,27.35184342,-16.54073737,0.00000000,-18.70368685,0.00000000,7.72963132,-18.81110605,20.81110605,0.00000000,83.08147474,0.00000000,0.00000000,0.00000000,-16.70368685,-24.97405553,-4.05553027,92.40555303,0.00000000,0.00000000,0.00000000
21,-0.53527538,0.00000000,76.99740611,0.00000000,0.00000000,0.00000000,-22.92944925,6.00000000,0.00000000,30.92944925,-12.00000000,0.00000000,7.07055075,-6.00000000,0.00000000,27.78425125,-16.71370050,0.00000000,-19.56850250,0.00000000,7.64314975,-19.07055075,21.07055075,0.00000000,83.42740100,0.00000000,0.00000000,0.00000000,-17.56850250,-25.92535275,-5.35275376,92.53527538,0.00000000,0.00000000,0.00000000
22,-0.67728721,0.00000000,76.84620050,0.00000000,0.00000000,0.00000000,-22.64542558,6.00000000,0.00000000,30.64542558,-12.00000000,0.00000000,7.35457442,-6.00000000,0.00000000,28.25762403,-16.90304961,0.00000000,-20.51524807,0.00000000,7.54847519,-19.35457442,21.35457442,0.00000000,83.80609923,0.00000000,0.00000000,0.00000000,-18.51524807,-26.96677287,-6.77287210,92.67728721,0.00000000,0.00000000,0.00000000
23,-0.82954028,0.00000000,76.67754692,0.00000000,0.00000000,0.00000000,-22.34091944,6.00000000,0.00000000,30.34091944,-12.00000000,0.00000000,7.65908056,-6.00000000,0.00000000,28.76513427,-17.10605371,0.00000000,-21.53026855,0.00000000,7.44697315,-19.65908056,21.65908056,0.00000000,84.21210742,0.00000000,0.00000000,0.00000000,-19.53026855,-28.08329540,-8.29540282,92.82954028,0.00000000,0.00000000,0.00000000
24,-0.98998635,0.00000000,76.72441364,0.00000000,0.00000000,0.00000000,-22.02002731,6.00000000,0.00000000,30.02002731,-12.00000000,0.00000000,7.97997269,-6.00000000,0.00000000,29.29995448,-17.31998179,0.00000000,-22.59990897,0.00000000,7.34000910,-19.97997269,21.97997269,0.00000000,84.63996359,0.00000000,0.00000000,0.00000000,-20.59990897,-29.25989986,-9.89986345,92.98998635,0.00000000,0.00000000,0.00000000
25,-1.15657715,0.00000000,76.79638184,0.00000000,0.00000000,0.00000000,-21.68684570,6.00000000,0.00000000,29.68684570,-12.00000000,0.00000000,8.31315430,-6.00000000,0.00000000,29.85525717,-17.54210287,0.00000000,-23.71051434,0.00000000,7.22894857,-20.31315430,22.31315430,0.00000000,85.08420574,0.00000000,0.00000000,0.00000000,-21.71051434,-30.48156577,-11.56577151,93.15657715,0.00000000,0.00000000,0.00000000
26,-1.32726445,0.00000000,76.86902347,0.00000000,0.00000000,0.00000000,-21.34547110,6.00000000,0.00000000,29.34547110,-12.00000000,0.00000000,8.65452890,-6.00000000,0.00000000,30.42421484,-17.76968594,0.00000000,-24.84842968,0.00000000,7.11515703,-20.65452890,22.65452890,0.00000000,85.53937187,0.00000000,0.00000000,0.00000000,-22.84842968,-31.73327264,-13.27264452,93.32726445,0.00000000,0.00000000,0.00000000
27,-1.50000000,0.00000000,76.94140465,0.00000000,0.00000000,0.00000000,-21.00000000,6.00000000,0.00000000,29.00000000,-12.00000000,0.00000000,9.00000000,-6.00000000,0.00000000,31.00000000,-18.00000000,0.00000000,-26.00000000,0.00000000,7.00000000,-21.00000000,23.00000000,0.00000000,86.00000000,0.00000000,0.00000000,0.00000000,-24.00000000,-33.00000000,-15.00000000,93.50000000,0.00000000,0.00000000,0.00000000
28,-1.67273555,0.00000000,77.01264445,0.00000000,0.00000000,0.00000000,-20.65452890,6.00000000,0.00000000,28.65452890,-12.00000000,0.00000000,9.34547110,-6.00000000,0.00000000,31.57578516,-18.23031406,0.00000000,-27.15157032,0.00000000,6.88484297,-21.34547110,23.34547110,0.00000000,86.46062813,0.00000000,0.00000000,0.00000000,-25.15157032,-34.26672736,-16.72735548,93.67273555,0.00000000,0.00000000,0.00000000
29,-1.84342285,0.00000000,77.08191593,0.00000000,0.00000000,0.00000000,-20.31315430,6.00000000,0.00000000,28.31315430,-12.00000000,0.00000000,9.68684570,-6.00000000,0.00000000,32.14474283,-18.45789713,0.00000000,-28.28948566,0.00000000,6.77105143,-21.68684570,23.68684570,0.00000000,86.91579426,0.00000000,0.00000000,0.00000000,-26.28948566,-35.51843423,-18.43422849,93.84342285,0.00000000,0.00000000,0.00000000
30,-2.01001365,0.00000000,77.14844565,0.00000000,0.00000000,0.00000000,-19.97997269,6.00000000,0.00000000,27.97997269,-12.00000000,0.00000000,10.02002731,-6.00000000,0.00000000,32.70004552,-18.68001821,0.00000000,-29.40009103,0.00000000,6.65999090,-22.02002731,24.02002731,0.00000000,87.36003641,0.00000000,0.00000000,0.00000000,-27.40009103,-36.74010014,-20.10013655,94.01001365,0.00000000,0.00000000,0.00000000
31,-2.17045972,0.00000000,77.21151153,0.00000000,0.00000000,0.00000000,-19.65908056,6.00000000,0.00000000,27.65908056,-12.00000000,0.00000000,10.34091944,-6.00000000,0.00000000,33.23486573,-18.89394629,0.00000000,-30.46973145,0.00000000,6.55302685,-22.34091944,24.34091944,0.00000000,87.78789258,0.00000000,0.00000000,0.00000000,-28.46973145,-37.91670460,-21.70459718,94.17045972,0.00000000,0.00000000,0.00000000
32,-2.32271279,0.00000000,77.27043899,0.00000000,0.00000000,0.00000000,-19.35457442,6.00000000,0.00000000,27.35457442,-12.00000000,0.00000000,10.64542558,-6.00000000,0.00000000,33.74237597,-19.09695039,0.00000000,-31.48475193,0.00000000,6.45152481,-22.64542558,24.64542558,0.00000000,88.19390077,0.00000000,0.00000000,0.00000000,-29.48475193,-39.03322713,-23.22712790,94.32271279,0.00000000,0.00000000,0.00000000
33,-2.46472462,0.00000000,77.32459551,0.00000000,0.00000000,0.00000000,-19.07055075,6.00000000,0.00000000,27.07055075,-12.00000000,0.00000000,10.92944925,-6.00000000,0.00000000,34.21574875,-19.28629950,0.00000000,-32.43149750,0.00000000,6.35685025,-22.92944925,24.92944925,0.00000000,88.57259900,0.00000000,0.00000000,0.00000000,-30.43149750,-40.07464725,-24.64724624,94.46472462,0.00000000,0.00000000,0.00000000
34,-2.59444697,0.00000000,77.37338339,0.00000000,0.00000000,0.00000000,-18.81110605,6.00000000,0.00000000,26.81110605,-12.00000000,0.00000000,11.18889395,-6.00000000,0.00000000,34.64815658,-19.45926263,0.00000000,-33.29631315,0.00000000,6.27036868,-23.18889395,25.18889395,0.00000000,88.91852526,0.00000000,0.00000000,0.00000000,-31.29631315,-41.02594447,-25.94446973,94.59444697,0.00000000,0.00000000,0.00000000
35,-2.70983159,0.00000000,77.41623096,0.00000000,0.00000000,0.00000000,-18.58033682,6.00000000,0.00000000,26.58033682,-12.00000000,0.00000000,11.41966318,-6.00000000,0.00000000,35.03277196,-19.61310878,0.00000000,-34.06554392,0.00000000,6.19344561,-23.41966318,25.41966318,0.00000000,89.22621757,0.00000000,0.00000000,0.00000000,-32.06554392,-41.87209832,-27.09831589,94.70983159,0.00000000,0.00000000,0.00000000
36,-2.80883022,0.00000000,77.45258192,0.00000000,0.00000000,0.00000000,-18.38233955,6.00000000,0.00000000,26.38233955,-12.00000000,0.00000000,11.61766045,-6.00000000,0.00000000,35.36276741,-19.74510696,0.00000000,-34.72553482,0.00000000,6.12744652,-23.61766045,25.61766045,0.00000000,89.49021393,0.00000000,0.00000000,0.00000000,-32.72553482,-42.59808830,-28.08830223,94.80883022,0.00000000,0.00000000,0.00000000
37,-2.88939463,0.00000000,77.48188313,0.00000000,0.00000000,0.00000000,-18.22121074,6.00000000,0.00000000,26.22121074,-12.00000000,0.00000000,11.77878926,-6.00000000,0.00000000,35.63131543,-19.85252617,0.00000000,-35.26263086,0.00000000,6.07373691,-23.77878926,25.77878926,0.00000000,89.70505234,0.00000000,0.00000000,0.00000000,-33.26263086,-43.18889395,-28.89394629,94.88939463,0.00000000,0.00000000,0.00000000
38,-2.94947656,0.00000000,77.50357063,0.00000000,0.00000000,0.00000000,-18.10104688,6.00000000,0.00000000,26.10104688,-12.00000000,0.00000000,11.89895312,-6.00000000,0.00000000,35.83158853,-19.93263541,0.00000000,-35.66317706,0.00000000,6.03368229,-23.89895312,25.89895312,0.00000000,89.86527082,0.00000000,0.00000000,0.00000000,-33.66317706,-43.62949477,-29.49476559,94.94947656,0.00000000,0.00000000,0.00000000
39,-2.98702777,0.00000000,77.51705400,0.00000000,0.00000000,0.00000000,-18.02594447,6.00000000,0.00000000,26.02594447,-12.00000000,0.00000000,11.97405553,-6.00000000,0.00000000,35.95675922,-19.98270369,0.00000000,-35.91351843,0.00000000,6.00864816,-23.97405553,25.97405553,0.00000000,89.96540737,0.00000000,0.00000000,0.00000000,-33.91351843,-43.90487028,-29.87027765,94.98702777,0.00000000,0.00000000,0.00000000
40,-3.00000000,0.00000000,77.52169914,0.00000000,0.00000000,0.00000000,-18.00000000,6.00000000,0.00000000,26.00000000,-12.00000000,0.00000000,12.00000000,-6.00000000,0.00000000,36.00000000,-20.00000000,0.00000000,-36.00000000,0.00000000,6.00000000,-24.00000000,26.00000000,0.00000000,90.00000000,0.00000000,0.00000000,0.00000000,-34.00000000,-44.00000000,-30.00000000,95.00000000,0.00000000,0.00000000,0.00000000
41,-2.76388889,0.00000000,77.47721194,0.00000000,0.00000000,0.00000000,-18.31481481,6.00000000,0.00000000,26.27546296,-12.07870370,0.00000000,12.07870370,-6.00000000,0.00000000,35.60648148,-20.03935185,0.00000000,-34.85879630,0.00000000,6.15740741,-23.84259259,26.07870370,0.00000000,90.07870370,0.00000000,0.00000000,0.00000000,-33.37037037,-43.29166667,-29.33101852,93.17013889,0.00000000,-0.15740741,0.00000000
42,-2.11111111,0.00000000,77.34902517,0.00000000,0.00000000,0.00000000,-19.18518519,6.00000000,0.00000000,27.03703704,-12.29629630,0.00000000,12.29629630,-6.00000000,0.00000000,34.51851852,-20.14814815,0.00000000,-31.70370370,0.00000000,6.59259259,-23.40740741,26.29629630,0.00000000,90.29629630,0.00000000,0.00000000,0.00000000,-31.62962963,-41.33333333,-27.48148148,88.11111111,0.00000000,-0.59259259,0.00000000
43,-1.12500000,0.00000000,77.14098300,0.00000000,0.00000000,0.00000000,-20.50000000,6.00000000,0.00000000,28.18750000,-12.62500000,0.00000000,12.62500000,-6.00000000,0.00000000,32.87500000,-20.31250000,0.00000000,-26.93750000,0.00000000,7.25000000,-22.75000000,26.62500000,0.00000000,90.62500000,0.00000000,0.00000000,0.00000000,-29.00000000,-38.37500000,-24.68750000,80.46875000,0.00000000,-1.25000000,0.00000000
44,0.11111111,0.00000000,76.85590318,0.00000000,0.00000000,0.00000000,-22.14814815,6.00000000,0.00000000,29.62962963,-13.03703704,0.00000000,13.03703704,-6.00000000,0.00000000,30.81481481,-20.51851852,0.00000000,-20.96296296,0.00000000,8.07407407,-21.92592593,27.03703704,0.00000000,91.03703704,0.00000000,0.00000000,0.00000000,-25.70370370,-34.66666667,-21.18518519,70.88888889,0.00000000,-2.07407407,0.00000000
45,1.51388889,0.00000000,76.49997062,0.00000000,0.00000000,0.00000000,-24.01851852,6.00000000,0.00000000,31.26620370,-13.50462963,0.00000000,13.50462963,-6.00000000,0.00000000,28.47685185,-20.75231481,0.00000000,-14.18287037,0.00000000,9.00925926,-20.99074074,27.50462963,0.00000000,91.50462963,0.00000000,0.00000000,0.00000000,-21.96296296,-30.45833333,-17.21064815,60.01736111,0.00000000,-3.00925926,0.00000000
46,3.00000000,0.00000000,76.08576230,0.00000000,0.00000000,0.00000000,-26.00000000,6.00000000,0.00000000,33.00000000,-14.00000000,0.00000000,14.00000000,-6.00000000,0.00000000,26.00000000,-21.00000000,0.00000000,-7.00000000,0.00000000,10.00000000,-20.00000000,28.00000000,0.00000000,92.00000000,0.00000000,0.00000000,0.00000000,-18.00000000,-26.00000000,-13.00000000,48.50000000,0.00000000,-4.00000000,0.00000000
47,4.48611111,0.00000000,75.63389722,0.00000000,0.00000000,0.00000000,-27.98148148,6.00000000,0.00000000,34.73379630,-14.49537037,0.00000000,14.49537037,-6.00000000,0.00000000,23.52314815,-21.24768519,0.00000000,0.18287037,0.00000000,10.99074074,-19.00925926,28.49537037,0.00000000,92.49537037,0.00000000,0.00000000,0.00000000,-14.03703704,-21.54166667,-8.78935185,36.98263889,0.00000000,-4.99074074,0.00000000
48,5.88888889,0.00000000,75.17336026,0.00000000,0.00000000,0.00000000,-29.85185185,6.00000000,0.00000000,36.37037037,-14.96296296,0.00000000,14.96296296,-6.00000000,0.00000000,21.18518519,-21.48148148,0.00000000,6.96296296,0.00000000,11.92592593,-18.07407407,28.96296296,0.00000000,92.96296296,0.00000000,0.00000000,0.00000000,-10.29629630,-17.33333333,-4.81481481,26.11111111,0.00000000,-5.92592593,0.00000000
49,7.12500000,0.00000000,75.19729219,0.00000000,0.00000000,0.00000000,-31.50000000,6.00000000,0.00000000,37.81250000,-15.37500000,0.00000000,15.37500000,-6.00000000,0.00000000,19.12500000,-21.68750000,0.00000000,12.93750000,0.00000000,12.75000000,-17.25000000,29.37500000,0.00000000,93.37500000,0.00000000,0.00000000,0.00000000,-7.00000000,-13.62500000,-1.31250000,16.53125000,0.00000000,-6.75000000,0.00000000
50,8.11111111,0.00000000,75.25146452,0.00000000,0.00000000,0.00000000,-32.81481481,6.00000000,0.00000000,38.96296296,-15.70370370,0.00000000,15.70370370,-6.00000000,0.00000000,17.48148148,-21.85185185,0.00000000,17.70370370,0.00000000,13.40740741,-16.59259259,29.70370370,0.00000000,93.70370370,0.00000000,0.00000000,0.00000000,-4.37037037,-10.66666667,1.48148148,8.88888889,0.00000000,-7.40740741,0.00000000
51,8.76388889,0.00000000,75.27697635,0.00000000,0.00000000,0.00000000,-33.68518519,6.00000000,0.00000000,39.72453704,-15.92129630,0.00000000,15.92129630,-6.00000000,0.00000000,16.39351852,-21.96064815,0.00000000,20.85879630,0.00000000,13.84259259,-16.15740741,29.92129630,0.00000000,93.92129630,0.00000000,0.00000000,0.00000000,-2.62962963,-8.70833333,3.33101852,3.82986111,0.00000000,-7.84259259,0.00000000
52,9.00000000,0.00000000,75.28417321,0.00000000,0.00000000,0.00000000,-34.00000000,6.00000000,0.00000000,40.00000000,-16.00000000,0.00000000,16.00000000,-6.00000000,0.00000000,16.00000000,-22.00000000,0.00000000,22.00000000,0.00000000,14.00000000,-16.00000000,30.00000000,0.00000000,94.00000000,0.00000000,0.00000000,0.00000000,-2.00000000,-8.00000000,4.00000000,2.00000000,0.00000000,-8.00000000,0.00000000
53,9.00000000,0.00000000,75.28417321,0.00000000,0.00000000,0.00000000,-34.00000000,6.00000000,0.00000000,40.00000000,-16.00000000,0.00000000,16.00000000,-6.00000000,0.00000000,16.00000000,-22.00000000,0.00000000,22.00000000,0.00000000,14.00000000,-16.00000000,30.00000000,0.00000000,94.00000000,0.00000000,0.00000000,0.00000000,-2.00000000,-8.00000000,4.00000000,2.00000000,0.00000000,-8.00000000,0.00000000
54,9.00000000,0.00000000,75.28417321,0.00000000,0.00000000,0.00000000,-34.00000000,6.00000000,0.00000000,40.00000000,-16.00000000,0.00000000,16.00000000,-6.00000000,0.00000000,16.00000000,-22.00000000,0.00000000,22.00000000,0.00000000,14.00000000,-16.00000000,30.00000000,0.00000000,94.00000000,0.00000000,0.00000000,0.00000000,-2.00000000,-8.00000000,4.00000000,2.00000000,0.00000000,-8.00000000,0.00000000
55,9.00000000,0.00000000,75.28417321,0.00000000,0.00000000,0.00000000,-34.00000000,6.00000000,0.00000000,40.00000000,-16.00000000,0.00000000,16.00000000,-6.00000000,0.00000000,16.00000000,-22.00000000,0.00000000,22.00000000,0.00000000,14.00000000,-16.00000000,30.00000000,0.00000000,94.00000000,0.00000000,0.00000000,0.00000000,-2.00000000,-8.00000000,4.00000000,2.00000000,0.00000000,-8.00000000,0.00000000
56,9.00000000,0.00000000,75.28417321,0.00000000,0.00000000,0.00000000,-34.00000000,6.00000000,0.00000000,40.00000000,-16.00000000,0.00000000,16.00000000,-6.00000000,0.00000000,16.00000000,-22.00000000,0.00000000,22.00000000,0.00000000,14.00000000,-16.00000000,30.00000000,0.00000000,94.00000000,0.00000000,0.00000000,0.00000000,-2.00000000,-8.00000000,4.00000000,2.00000000,0.00000000,-8.00000000,0.00000000
57,9.00000000,0.00000000,75.28417321,0.00000000,0.00000000,0.00000000,-34.00000000,6.00000000,0.00000000,40.00000000,-16.00000000,0.00000000,16.00000000,-6.00000000,0.00000000,16.00000000,-22.00000000,0.00000000,22.00000000,0.00000000,14.00000000,-16.00000000,30.00000000,0.00000000,94.00000000,0.00000000,0.00000000,0.00000000,-2.00000000,-8.00000000,4.00000000,2.00000000,0.00000000,-8.00000000,0.00000000
58,9.00000000,0.00000000,75.28417321,0.00000000,0.00000000,0.00000000,-34.00000000,6.00000000,0.00000000,40.00000000,-16.00000000,0.00000000,16.00000000,-6.00000000,0.00000000,16.00000000,-22.00000000,0.00000000,22.00000000,0.00000000,14.00000000,-16.00000000,30.00000000,0.00000000,94.00000000,0.00000000,0.00000000,0.00000000,-2.00000000,-8.00000000,4.00000000,2.00000000,0.00000000,-8.00000000,0.00000000
59,9.00000000,0.00000000,75.28417321,0.00000000,0.00000000,0.00000000,-34.00000000,6.00000000,0.00000000,40.00000000,-16.00000000,0.00000000,16.00000000,-6.00000000,0.00000000,16.00000000,-22.00000000,0.00000000,22.00000000,0.00000000,14.00000000,-16.00000000,30.00000000,0.00000000,94.00000000,0.00000000,0.00000000,0.00000000,-2.00000000,-8.00000000,4.00000000,2.00000000,0.00000000,-8.00000000,0.00000000
60,9.00000000,0.00000000,75.28417321,0.00000000,0.00000000,0.00000000,-34.00000000,6.00000000,0.00000000,40.00000000,-16.00000000,0.00000000,16.00000000,-6.00000000,0.00000000,16.00000000,-22.00000000,0.00000000,22.00000000,0.00000000,14.00000000,-16.00000000,30.00000000,0.00000000,94.00000000,0.00000000,0.00000000,0.00000000,-2.00000000,-8.00000000,4.00000000,2.00000000,0.00000000,-8.00000000,0.00000000
61,9.00000000,0.00000000,75.28417321,0.00000000,0.00000000,0.00000000,-34.00000000,6.00000000,0.00000000,40.00000000,-16.00000000,0.00000000,16.00000000,-6.00000000,0.00000000,16.00000000,-22.00000000,0.00000000,22.00000000,0.00000000,14.00000000,-16.00000000,30.00000000,0.00000000,94.00000000,0.00000000,0.00000000,0.00000000,-2.00000000,-8.00000000,4.00000000,2.00000000,0.00000000,-8.00000000,0.00000000
62,9.00000000,0.00000000,75.28417321,0.00000000,0.00000000,0.00000000,-34.00000000,6.00000000,0.00000000,40.00000000,-16.00000000,0.00000000,16.00000000,-6.00000000,0.00000000,16.00000000,-22.00000000,0.00000000,22.00000000,0.00000000,14.00000000,-16.00000000,30.00000000,0.00000000,94.00000000,0.00000000,0.00000000,0.00000000,-2.00000000,-8.00000000,4.00000000,2.00000000,0.00000000,-8.00000000,0.00000000
63,9.00000000,0.00000000,75.28417321,0.00000000,0.00000000,0.00000000,-34.00000000,6.00000000,0.00000000,40.00000000,-16.00000000,0.00000000,16.00000000,-6.00000000,0.00000000,16.00000000,-22.00000000,0.00000000,22.00000000,0.00000000,14.00000000,-16.00000000,30.00000000,0.00000000,94.00000000,0.00000000,0.00000000,0.00000000,-2.00000000,-8.00000000,4.00000000,2.00000000,0.00000000,-8.00000000,0.00000000
64,9.00000000,0.00000000,75.28417321,0.00000000,0.00000000,0.00000000,-34.00000000,6.00000000,0.00000000,40.00000000,-16.00000000,0.00000000,16.00000000,-6.00000000,0.00000000,16.00000000,-22.00000000,0.00000000,22.00000000,0.00000000,14.00000000,-16.00000000,30.00000000,0.00000000,94.00000000,0.00000000,0.00000000,0.00000000,-2.00000000,-8.00000000,4.00000000,2.00000000,0.00000000,-8.00000000,0.00000000
65,9.00000000,0.00000000,75.28417321,0.00000000,0.00000000,0.00000000,-34.00000000,6.00000000,0.00000000,40.00000000,-16.00000000,0.00000000,16.00000000,-6.00000000,0.00000000,16.00000000,-22.00000000,0.00000000,22.00000000,0.00000000,14.00000000,-16.00000000,30.00000000,0.00000000,94.00000000,0.00000000,0.00000000,0.00000000,-2.00000000,-8.00000000,4.00000000,2.00000000,0.00000000,-8.00000000,0.00000000
66,9.00000000,0.00000000,75.28417321,0.00000000,0.00000000,0.00000000,-34.00000000,6.00000000,0.00000000,40.00000000,-16.00000000,0.00000000,16.00000000,-6.00000000,0.00000000,16.00000000,-22.00000000,0.00000000,22.00000000,0.00000000,14.00000000,-16.00000000,30.00000000,0.00000000,94.00000000,0.00000000,0.00000000,0.00000000,-2.00000000,-8.00000000,4.00000000,2.00000000,0.00000000,-8.00000000,0.00000000
67,8.92711370,0.00000000,75.32435692,0.00000000,0.00000000,0.00000000,-33.85422741,6.00000000,0.00000000,39.88338192,-15.94169096,0.00000000,15.85422741,-6.00000000,0.00000000,16.14577259,-21.91253644,0.00000000,21.44606414,0.00000000,13.91253644,-16.02915452,29.85422741,0.00000000,93.82507289,0.00000000,0.00000000,0.00000000,-2.17492711,-8.20408163,3.94169096,3.31195335,0.00000000,-7.88338192,0.00000000
68,8.72303207,0.00000000,75.43568089,0.00000000,0.00000000,0.00000000,-33.44606414,6.00000000,0.00000000,39.55685131,-15.77842566,0.00000000,15.44606414,-6.00000000,0.00000000,16.55393586,-21.66763848,0.00000000,19.89504373,0.00000000,13.66763848,-16.11078717,29.44606414,0.00000000,93.33527697,0.00000000,0.00000000,0.00000000,-2.66472303,-8.77551020,3.77842566,6.98542274,0.00000000,-7.55685131,0.00000000
69,8.40962099,0.00000000,75.60321953,0.00000000,0.00000000,0.00000000,-32.81924198,6.00000000,0.00000000,39.05539359,-15.52769679,0.00000000,14.81924198,-6.00000000,0.00000000,17.18075802,-21.29154519,0.00000000,17.51311953,0.00000000,13.29154519,-16.23615160,28.81924198,0.00000000,92.58309038,0.00000000,0.00000000,0.00000000,-3.41690962,-9.65306122,3.52769679,12.62682216,0.00000000,-7.05539359,0.00000000
70,8.00874636,0.00000000,75.81144956,0.00000000,0.00000000,0.00000000,-32.01749271,6.00000000,0.00000000,38.41399417,-15.20699708,0.00000000,14.01749271,-6.00000000,0.00000000,17.98250729,-20.81049563,0.00000000,14.46647230,0.00000000,12.81049563,-16.39650146,28.01749271,0.00000000,91.62099125,0.00000000,0.00000000,0.00000000,-4.37900875,-10.77551020,3.20699708,19.84256560,0.00000000,-6.41399417,0.00000000
71,7.54227405,0.00000000,76.04515066,0.00000000,0.00000000,0.00000000,-31.08454810,6.00000000,0.00000000,37.66763848,-14.83381924,0.00000000,13.08454810,-6.00000000,0.00000000,18.91545190,-20.25072886,0.00000000,10.92128280,0.00000000,12.25072886,-16.58309038,27.08454810,0.00000000,90.50145773,0.00000000,0.00000000,0.00000000,-5.49854227,-12.08163265,2.83381924,28.23906706,0.00000000,-5.66763848,0.00000000
72,7.03206997,0.00000000,76.29011748,0.00000000,0.00000000,0.00000000,-30.06413994,6.00000000,0.00000000,36.85131195,-14.42565598,0.00000000,12.06413994,-6.00000000,0.00000000,19.93586006,-19.63848397,0.00000000,7.04373178,0.00000000,11.63848397,-16.78717201,26.06413994,0.00000000,89.27696793,0.00000000,0.00000000,0.00000000,-6.72303207,-13.51020408,2.42565598,37.42274052,0.00000000,-4.85131195,0.00000000
73,6.50000000,0.00000000,76.53368180,0.00000000,0.00000000,0.00000000,-29.00000000,6.00000000,0.00000000,36.00000000,-14.00000000,0.00000000,11.00000000,-6.00000000,0.00000000,21.00000000,-19.00000000,0.00000000,3.00000000,0.00000000,11.00000000,-17.00000000,25.00000000,0.00000000,88.00000000,0.00000000,0.00000000,0.00000000,-8.00000000,-15.00000000,2.00000000,47.00000000,0.00000000,-4.00000000,0.00000000
74,5.96793003,0.00000000,76.76503971,0.00000000,0.00000000,0.00000000,-27.93586006,6.00000000,0.00000000,35.14868805,-13.57434402,0.00000000,9.93586006,-6.00000000,0.00000000,22.06413994,-18.36151603,0.00000000,-1.04373178,0.00000000,10.36151603,-17.21282799,23.93586006,0.00000000,86.72303207,0.00000000,0.00000000,0.00000000,-9.27696793,-16.48979592,1.57434402,56.57725948,0.00000000,-3.14868805,0.00000000
75,5.45772595,0.00000000,76.97537665,0.00000000,0.00000000,0.00000000,-26.91545190,6.00000000,0.00000000,34.33236152,-13.16618076,0.00000000,8.91545190,-6.00000000,0.00000000,23.08454810,-17.74927114,0.00000000,-4.92128280,0.00000000,9.74927114,-17.41690962,22.91545190,0.00000000,85.49854227,0.00000000,0.00000000,0.00000000,-10.50145773,-17.91836735,1.16618076,65.76093294,0.00000000,-2.33236152,0.00000000
76,4.99125364,0.00000000,77.15778365,0.00000000,0.00000000,0.00000000,-25.98250729,6.00000000,0.00000000,33.58600583,-12.79300292,0.00000000,7.98250729,-6.00000000,0.00000000,24.01749271,-17.18950437,0.00000000,-8.46647230,0.00000000,9.18950437,-17.60349854,21.98250729,0.00000000,84.37900875,0.00000000,0.00000000,0.00000000,-11.62099125,-19.22448980,0.79300292,74.15743440,0.00000000,-1.58600583,0.00000000
77,4.59037901,0.00000000,77.30695925,0.00000000,0.00000000,0.00000000,-25.18075802,6.00000000,0.00000000,32.94460641,-12.47230321,0.00000000,7.18075802,-6.00000000,0.00000000,24.81924198,-16.70845481,0.00000000,-11.51311953,0.00000000,8.70845481,-17.76384840,21.18075802,0.00000000,83.41690962,0.00000000,0.00000000,0.00000000,-12.58309038,-20.34693878,0.47230321,81.37317784,0.00000000,-0.94460641,0.00000000
78,4.27696793,0.00000000,77.41869436,0.00000000,0.00000000,0.00000000,-24.55393586,6.00000000,0.00000000,32.44314869,-12.22157434,0.00000000,6.55393586,-6.00000000,0.00000000,25.44606414,-16.33236152,0.00000000,-13.89504373,0.00000000,8.33236152,-17.88921283,20.55393586,0.00000000,82.66472303,0.00000000,0.00000000,0.00000000,-13.33527697,-21.22448980,0.22157434,87.01457726,0.00000000,-0.44314869,0.00000000
79,4.07288630,0.00000000,77.48913944,0.00000000,0.00000000,0.00000000,-24.14577259,6.00000000,0.00000000,32.11661808,-12.05830904,0.00000000,6.14577259,-6.00000000,0.00000000,25.85422741,-16.08746356,0.00000000,-15.44606414,0.00000000,8.08746356,-17.97084548,20.14577259,0.00000000,82.17492711,0.00000000,0.00000000,0.00000000,-13.82507289,-21.79591837,0.05830904,90.68804665,0.00000000,-0.11661808,0.00000000
80,4.00000000,0.00000000,77.51385583,0.00000000,0.00000000,0.00000000,-24.00000000,6.00000000,0.00000000,32.00000000,-12.00000000,0.00000000,6.00000000,-6.00000000,0.00000000,26.00000000,-16.00000000,0.00000000,-16.00000000,0.00000000,8.00000000,-18.00000000,20.00000000,0.00000000,82.00000000,0.00000000,0.00000000,0.00000000,-14.00000000,-22.00000000,0.00000000,92.00000000,0.00000000,0.00000000,0.00000000
81,3.98987269,0.00000000,77.50442879,0.00000000,0.00000000,0.00000000,-24.27343750,6.02531829,0.00000000,32.46585648,-12.14178241,0.00000000,5.63541667,-6.02531829,0.00000000,26.46585648,-16.11140046,0.00000000,-15.95949074,0.00000000,8.09114583,-18.01012731,20.02025463,0.00000000,82.06076389,0.00000000,0.00000000,0.00000000,-13.95949074,-22.01012731,0.00000000,92.01519097,0.00000000,0.00000000,0.00000000
82,3.96064815,0.00000000,77.46922753,0.00000000,0.00000000,0.00000000,-25.06250000,6.09837963,0.00000000,33.81018519,-12.55092593,0.00000000,4.58333333,-6.09837963,0.00000000,27.81018519,-16.43287037,0.00000000,-15.84259259,0.00000000,8.35416667,-18.03935185,20.07870370,0.00000000,82.23611111,0.00000000,0.00000000,0.00000000,-13.84259259,-22.03935185,0.00000000,92.05902778,0.00000000,0.00000000,0.00000000
83,3.91406250,0.00000000,77.38854405,0.00000000,0.00000000,0.00000000,-26.32031250,6.21484375,0.00000000,35.95312500,-13.20312500,0.00000000,2.90625000,-6.21484375,0.00000000,29.95312500,-16.94531250,0.00000000,-15.65625000,0.00000000,8.77343750,-18.08593750,20.17187500,0.00000000,82.51562500,0.00000000,0.00000000,0.00000000,-13.65625000,-22.08593750,0.00000000,92.12890625,0.00000000,0.00000000,0.00000000
84,3.85185185,0.00000000,77.23370551,0.00000000,0.00000000,0.00000000,-28.00000000,6.37037037,0.00000000,38.81481481,-14.07407407,0.00000000,0.66666667,-6.37037037,0.00000000,32.81481481,-17.62962963,0.00000000,-15.40740741,0.00000000,9.33333333,-18.14814815,20.29629630,0.00000000,82.88888889,0.00000000,0.00000000,0.00000000,-13.40740741,-22.14814815,0.00000000,92.22222222,0.00000000,0.00000000,0.00000000
85,3.77575231,0.00000000,76.97113864,0.00000000,0.00000000,0.00000000,-30.05468750,6.56061921,0.00000000,42.31539352,-15.13946759,0.00000000,-2.07291667,-6.56061921,0.00000000,36.31539352,-18.46672454,0.00000000,-15.10300926,0.00000000,10.01822917,-18.22424769,20.44849537,0.00000000,83.34548611,0.00000000,0.00000000,0.00000000,-13.10300926,-22.22424769,0.00000000,92.33637153,0.00000000,0.00000000,0.00000000
86,3.68750000,0.00000000,76.56613179,0.00000000,0.00000000,0.00000000,-32.43750000,6.78125000,0.00000000,46.37500000,-16.37500000,0.00000000,-5.25000000,-6.78125000,0.00000000,40.37500000,-19.43750000,0.00000000,-14.75000000,0.00000000,10.81250000,-18.31250000,20.62500000,0.00000000,83.87500000,0.00000000,0.00000000,0.00000000,-12.75000000,-22.31250000,0.00000000,92.46875000,0.00000000,0.00000000,0.00000000
87,3.58883102,0.00000000,75.98628406,0.00000000,0.00000000,0.00000000,-35.10156250,7.02792245,0.00000000,50.91377315,-17.75636574,0.00000000,-8.80208333,-7.02792245,0.00000000,44.91377315,-20.52285880,0.00000000,-14.35532407,0.00000000,11.70052083,-18.41116898,20.82233796,0.00000000,84.46701389,0.00000000,0.00000000,0.00000000,-12.35532407,-22.41116898,0.00000000,92.61675347,0.00000000,0.00000000,0.00000000
88,3.48148148,0.00000000,75.20458177,0.00000000,0.00000000,0.00000000,-38.00000000,7.29629630,0.00000000,55.85185185,-19.25925926,0.00000000,-12.66666667,-7.29629630,0.00000000,49.85185185,-21.70370370,0.00000000,-13.92592593,0.00000000,12.66666667,-18.51851852,21.03703704,0.00000000,85.11111111,0.00000000,0.00000000,0.00000000,-11.92592593,-22.51851852,0.00000000,92.77777778,0.00000000,0.00000000,0.00000000
89,3.36718750,0.00000000,74.20200793,0.00000000,0.00000000,0.00000000,-41.08593750,7.58203125,0.00000000,61.10937500,-20.85937500,0.00000000,-16.78125000,-7.58203125,0.00000000,55.10937500,-22.96093750,0.00000000,-13.46875000,0.00000000,13.69531250,-18.63281250,21.26562500,0.00000000,85.79687500,0.00000000,0.00000000,0.00000000,-11.46875000,-22.63281250,0.00000000,92.94921875,0.00000000,0.00000000,0.00000000
90,3.24768519,0.00000000,72.96957921,0.00000000,0.00000000,0.00000000,-44.31250000,7.88078704,0.00000000,66.60648148,-22.53240741,0.00000000,-21.08333333,-7.88078704,0.00000000,60.60648148,-24.27546296,0.00000000,-12.99074074,0.00000000,14.77083333,-18.75231481,21.50462963,0.00000000,86.51388889,0.00000000,0.00000000,0.00000000,-10.99074074,-22.75231481,0.00000000,93.12847222,0.00000000,0.00000000,0.00000000
91,3.12471065,0.00000000,71.50971838,0.00000000,0.00000000,0.00000000,-47.63281250,8.18822338,0.00000000,72.26331019,-24.25405093,0.00000000,-25.51041667,-8.18822338,0.00000000,66.26331019,-25.62818287,0.00000000,-12.49884259,0.00000000,15.87760417,-18.87528935,21.75057870,0.00000000,87.25173611,0.00000000,0.00000000,0.00000000,-10.49884259,-22.87528935,0.00000000,93.31293403,0.00000000,0.00000000,0.00000000
92,3.00000000,0.00000000,69.83690481,0.00000000,0.00000000,0.00000000,-51.00000000,8.50000000,0.00000000,78.00000000,-26.00000000,0.00000000,-30.00000000,-8.50000000,0.00000000,72.00000000,-27.00000000,0.00000000,-12.00000000,0.00000000,17.00000000,-19.00000000,22.00000000,0.00000000,88.00000000,0.00000000,0.00000000,0.00000000,-10.00000000,-23.00000000,0.00000000,93.50000000,0.00000000,0.00000000,0.00000000
93,2.87528935,0.00000000,67.97759351,0.00000000,0.00000000,0.00000000,-54.36718750,8.81177662,0.00000000,83.73668981,-27.74594907,0.00000000,-34.48958333,-8.81177662,0.00000000,77.73668981,-28.37181713,0.00000000,-11.50115741,0.00000000,18.12239583,-19.12471065,22.24942130,0.00000000,88.74826389,0.00000000,0.00000000,0.00000000,-9.50115741,-23.12471065,0.00000000,93.68706597,0.00000000,0.00000000,0.00000000
94,2.75231481,0.00000000,65.96944648,0.00000000,0.00000000,0.00000000,-57.68750000,9.11921296,0.00000000,89.39351852,-29.46759259,0.00000000,-38.91666667,-9.11921296,0.00000000,83.39351852,-29.72453704,0.00000000,-11.00925926,0.00000000,19.22916667,-19.24768519,22.49537037,0.00000000,89.48611111,0.00000000,0.00000000,0.00000000,-9.00925926,-23.24768519,0.00000000,93.87152778,0.00000000,0.00000000,0.00000000
95,2.63281250,0.00000000,63.85997049,0.00000000,0.00000000,0.00000000,-60.91406250,9.41796875,0.00000000,94.89062500,-31.14062500,0.00000000,-43.21875000,-9.41796875,0.00000000,88.89062500,-31.03906250,0.00000000,-10.53125000,0.00000000,20.30468750,-19.36718750,22.73437500,0.00000000,90.20312500,0.00000000,0.00000000,0.00000000,-8.53125000,-23.36718750,0.00000000,94.05078125,0.00000000,0.00000000,0.00000000
96,2.51851852,0.00000000,61.70469752,0.00000000,0.00000000,0.00000000,-64.00000000,9.70370370,0.00000000,100.14814815,-32.74074074,0.00000000,-47.33333333,-9.70370370,0.00000000,94.14814815,-32.29629630,0.00000000,-10.07407407,0.00000000,21.33333333,-19.48148148,22.96296296,0.00000000,90.88888889,0.00000000,0.00000000,0.00000000,-8.07407407,-23.48148148,0.00000000,94.22222222,0.00000000,0.00000000,0.00000000
97,2.41116898,0.00000000,59.56507418,0.00000000,0.00000000,0.00000000,-66.89843750,9.97207755,0.00000000,105.08622685,-34.24363426,0.00000000,-51.19791667,-9.97207755,0.00000000,99.08622685,-33.47714120,0.00000000,-9.64467593,0.00000000,22.29947917,-19.58883102,23.17766204,0.00000000,91.53298611,0.00000000,0.00000000,0.00000000,-7.64467593,-23.58883102,0.00000000,94.38324653,0.00000000,0.00000000,0.00000000
98,2.31250000,0.00000000,57.50624029,0.00000000,0.00000000,0.00000000,-69.56250000,10.21875000,0.00000000,109.62500000,-35.62500000,0.00000000,-54.75000000,-10.21875000,0.00000000,103.62500000,-34.56250000,0.00000000,-9.25000000,0.00000000,23.18750000,-19.68750000,23.37500000,0.00000000,92.12500000,0.00000000,0.00000000,0.00000000,-7.25000000,-23.68750000,0.00000000,94.53125000,0.00000000,0.00000000,0.00000000
99,2.22424769,0.00000000,55.59487258,0.00000000,0.00000000,0.00000000,-71.94531250,10.43938079,0.00000000,113.68460648,-36.86053241,0.00000000,-57.92708333,-10.43938079,0.00000000,107.68460648,-35.53327546,0.00000000,-8.89699074,0.00000000,23.98177083,-19.77575231,23.55150463,0.00000000,92.65451389,0.00000000,0.00000000,0.00000000,-6.89699074,-23.77575231,0.00000000,94.66362847,0.00000000,0.00000000,0.00000000
100,2.14814815,0.00000000,53.89724237,0.00000000,0.00000000,0.00000000,-74.00000000,10.62962963,0.00000000,117.18518519,-37.92592593,0.00000000,-60.66666667,-10.62962963,0.00000000,111.18518519,-36.37037037,0.00000000,-8.59259259,0.00000000,24.66666667,-19.85185185,23.70370370,0.00000000,93.11111111,0.00000000,0.00000000,0.00000000,-6.59259259,-23.85185185,0.00000000,94.77777778,0.00000000,0.00000000,0.00000000
101,2.08593750,0.00000000,52.47758483,0.00000000,0.00000000,0.00000000,-75.67968750,10.78515625,0.00000000,120.04687500,-38.79687500,0.00000000,-62.90625000,-10.78515625,0.00000000,114.04687500,-37.05468750,0.00000000,-8.34375000,0.00000000,25.22656250,-19.91406250,23.82812500,0.00000000,93.48437500,0.00000000,0.00000000,0.00000000,-6.34375000,-23.91406250,0.00000000,94.87109375,0.00000000,0.00000000,0.00000000
102,2.03935185,0.00000000,51.39680172,0.00000000,0.00000000,0.00000000,-76.93750000,10.90162037,0.00000000,122.18981481,-39.44907407,0.00000000,-64.58333333,-10.90162037,0.00000000,116.18981481,-37.56712963,0.00000000,-8.15740741,0.00000000,25.64583333,-19.96064815,23.92129630,0.00000000,93.76388889,0.00000000,0.00000000,0.00000000,-6.15740741,-23.96064815,0.00000000,94.94097222,0.00000000,0.00000000,0.00000000
103,2.01012731,0.00000000,50.71142161,0.00000000,0.00000000,0.00000000,-77.72656250,10.97468171,0.00000000,123.53414352,-39.85821759,0.00000000,-65.63541667,-10.97468171,0.00000000,117.53414352,-37.88859954,0.00000000,-8.04050926,0.00000000,25.90885417,-19.98987269,23.97974537,0.00000000,93.93923611,0.00000000,0.00000000,0.00000000,-6.04050926,-23.98987269,0.00000000,94.98480903,0.00000000,0.00000000,0.00000000
104,2.00000000,0.00000000,50.47262829,0.00000000,0.00000000,0.00000000,-78.00000000,11.00000000,0.00000000,124.00000000,-40.00000000,0.00000000,-66.00000000,-11.00000000,0.00000000,118.00000000,-38.00000000,0.00000000,-8.00000000,0.00000000,26.00000000,-20.00000000,24.00000000,0.00000000,94.00000000,0.00000000,0.00000000,0.00000000,-6.00000000,-24.00000000,0.00000000,95.00000000,0.00000000,0.00000000,0.00000000
105,2.00000000,0.00000000,50.47262829,0.00000000,0.00000000,0.00000000,-78.00000000,11.00000000,0.00000000,124.00000000,-40.00000000,0.00000000,-66.00000000,-11.00000000,0.00000000,118.00000000,-38.00000000,0.00000000,-8.00000000,0.00000000,26.00000000,-20.00000000,24.00000000,0.00000000,94.00000000,0.00000000,0.00000000,0.00000000,-6.00000000,-24.00000000,0.00000000,95.00000000,0.00000000,0.00000000,0.00000000
106,2.00000000,0.00000000,50.47262829,0.00000000,0.00000000,0.00000000,-78.00000000,11.00000000,0.00000000,124.00000000,-40.00000000,0.00000000,-66.00000000,-11.00000000,0.00000000,118.00000000,-38.00000000,0.00000000,-8.00000000,0.00000000,26.00000000,-20.00000000,24.00000000,0.00000000,94.00000000,0.00000000,0.00000000,0.00000000,-6.00000000,-24.00000000,0.00000000,95.00000000,0.00000000,0.00000000,0.00000000
107,2.00000000,0.00000000,50.47262829,0.00000000,0.00000000,0.00000000,-78.00000000,11.00000000,0.00000000,124.00000000,-40.00000000,0.00000000,-66.00000000,-11.00000000,0.00000000,118.00000000,-38.00000000,0.00000000,-8.00000000,0.00000000,26.00000000,-20.00000000,24.00000000,0.00000000,94.00000000,0.00000000,0.00000000,0.00000000,-6.00000000,-24.00000000,0.00000000,95.00000000,0.00000000,0.00000000,0.00000000
108,2.00000000,0.00000000,50.47262829,0.00000000,0.00000000,0.00000000,-78.00000000,11.00000000,0.00000000,124.00000000,-40.00000000,0.00000000,-66.00000000,-11.00000000,0.00000000,118.00000000,-38.00000000,0.00000000,-8.00000000,0.00000000,26.00000000,-20.00000000,24.00000000,0.00000000,94.00000000,0.00000000,0.00000000,0.00000000,-6.00000000,-24.00000000,0.00000000,95.00000000,0.00000000,0.00000000,0.00000000
109,2.00000000,0.00000000,50.47262829,0.00000000,0.00000000,0.00000000,-78.00000000,11.00000000,0.00000000,124.00000000,-40.00000000,0.00000000,-66.00000000,-11.00000000,0.00000000,118.00000000,-38.00000000,0.00000000,-8.00000000,0.00000000,26.00000000,-20.00000000,24.00000000,0.00000000,94.00000000,0.00000000,0.00000000,0.00000000,-6.00000000,-24.00000000,0.00000000,95.00000000,0.00000000,0.00000000,0.00000000
110,2.00000000,0.00000000,50.47262829,0.00000000,0.00000000,0.00000000,-78.00000000,11.00000000,0.00000000,124.00000000,-40.00000000,0.00000000,-66.00000000,-11.00000000,0.00000000,118.00000000,-38.00000000,0.00000000,-8.00000000,0.00000000,26.00000000,-20.00000000,24.00000000,0.00000000,94.00000000,0.00000000,0.00000000,0.00000000,-6.00000000,-24.00000000,0.00000000,95.00000000,0.00000000,0.00000000,0.00000000
111,2.00000000,0.00000000,50.47262829,0.00000000,0.00000000,0.00000000,-78.00000000,11.00000000,0.00000000,124.00000000,-40.00000000,0.00000000,-66.00000000,-11.00000000,0.00000000,118.00000000,-38.00000000,0.00000000,-8.00000000,0.00000000,26.00000000,-20.00000000,24.00000000,0.00000000,94.00000000,0.00000000,0.00000000,0.00000000,-6.00000000,-24.00000000,0.00000000,95.00000000,0.00000000,0.00000000,0.00000000
112,2.00000000,0.00000000,50.47262829,0.00000000,0.00000000,0.00000000,-78.00000000,11.00000000,0.00000000,124.00000000,-40.00000000,0.00000000,-66.00000000,-11.00000000,0.00000000,118.00000000,-38.00000000,0.00000000,-8.00000000,0.00000000,26.00000000,-20.00000000,24.00000000,0.00000000,94.00000000,0.00000000,0.00000000,0.00000000,-6.00000000,-24.00000000,0.00000000,95.00000000,0.00000000,0.00000000,0.00000000
113,2.00000000,0.00000000,50.47262829,0.00000000,0.00000000,0.00000000,-78.00000000,11.00000000,0.00000000,124.00000000,-40.00000000,0.00000000,-66.00000000,-11.00000000,0.00000000,118.00000000,-38.00000000,0.00000000,-8.00000000,0.00000000,26.00000000,-20.00000000,24.00000000,0.00000000,94.00000000,0.00000000,0.00000000,0.00000000,-6.00000000,-24.00000000,0.00000000,95.00000000,0.00000000,0.00000000,0.00000000
114,2.00000000,0.00000000,50.47262829,0.00000000,0.00000000,0.00000000,-78.00000000,11.00000000,0.00000000,124.00000000,-40.00000000,0.00000000,-66.00000000,-11.00000000,0.00000000,118.00000000,-38.00000000,0.00000000,-8.00000000,0.00000000,26.00000000,-20.00000000,24.00000000,0.00000000,94.00000000,0.00000000,0.00000000,0.00000000,-6.00000000,-24.00000000,0.00000000,95.00000000,0.00000000,0.00000000,0.00000000
115,2.00000000,0.00000000,50.47262829,0.00000000,0.00000000,0.00000000,-78.00000000,11.00000000,0.00000000,124.00000000,-40.00000000,0.00000000,-66.00000000,-11.00000000,0.00000000,118.00000000,-38.00000000,0.00000000,-8.00000000,0.00000000,26.00000000,-20.00000000,24.00000000,0.00000000,94.00000000,0.00000000,0.00000000,0.00000000,-6.00000000,-24.00000000,0.00000000,95.00000000,0.00000000,0.00000000,0.00000000
116,2.00000000,0.00000000,50.47262829,0.00000000,0.00000000,0.00000000,-78.00000000,11.00000000,0.00000000,124.00000000,-40.00000000,0.00000000,-66.00000000,-11.00000000,0.00000000,118.00000000,-38.00000000,0.00000000,-8.00000000,0.00000000,26.00000000,-20.00000000,24.00000000,0.00000000,94.00000000,0.00000000,0.00000000,0.00000000,-6.00000000,-24.00000000,0.00000000,95.00000000,0.00000000,0.00000000,0.00000000
117,2.00000000,0.00000000,50.47262829,0.00000000,0.00000000,0.00000000,-78.00000000,11.00000000,0.00000000,124.00000000,-40.00000000,0.00000000,-66.00000000,-11.00000000,0.00000000,118.00000000,-38.00000000,0.00000000,-8.00000000,0.00000000,26.00000000,-20.00000000,24.00000000,0.00000000,94.00000000,0.00000000,0.00000000,0.00000000,-6.00000000,-24.00000000,0.00000000,95.00000000,0.00000000,0.00000000,0.00000000
118,2.00000000,0.00000000,50.47262829,0.00000000,0.00000000,0.00000000,-78.00000000,11.00000000,0.00000000,124.00000000,-40.00000000,0.00000000,-66.00000000,-11.00000000,0.00000000,118.00000000,-38.00000000,0.00000000,-8.00000000,0.00000000,26.00000000,-20.00000000,24.00000000,0.00000000,94.00000000,0.00000000,0.00000000,0.00000000,-6.00000000,-24.00000000,0.00000000,95.00000000,0.00000000,0.00000000,0.00000000
119,2.00000000,0.00000000,50.47262829,0.00000000,0.00000000,0.00000000,-78.00000000,11.00000000,0.00000000,124.00000000,-40.00000000,0.00000000,-66.00000000,-11.00000000,0.00000000,118.00000000,-38.00000000,0.00000000,-8.00000000,0.00000000,26.00000000,-20.00000000,24.00000000,0.00000000,94.00000000,0.00000000,0.00000000,0.00000000,-6.00000000,-24.00000000,0.00000000,95.00000000,0.00000000,0.00000000,0.00000000
120,2.00000000,0.00000000,50.47262829,0.00000000,0.00000000,0.00000000,-78.00000000,11.00000000,0.00000000,124.00000000,-40.00000000,0.00000000,-66.00000000,-11.00000000,0.00000000,118.00000000,-38.00000000,0.00000000,-8.00000000,0.00000000,26.00000000,-20.00000000,24.00000000,0.00000000,94.00000000,0.00000000,0.00000000,0.00000000,-6.00000000,-24.00000000,0.00000000,95.00000000,0.00000000,0.00000000,0.00000000
121,2.08916324,0.00000000,50.93098254,0.00000000,0.00000000,0.00000000,-77.41152263,10.95541838,0.00000000,122.98353909,-39.67901235,0.00000000,-65.39368999,-10.95541838,0.00000000,117.01920439,-37.73251029,0.00000000,-7.82167353,0.00000000,25.67901235,-19.94650206,24.01783265,0.00000000,93.87517147,0.00000000,0.00000000,0.00000000,-7.17695473,-23.89300412,0.07133059,94.27777778,0.00000000,0.00000000,0.00000000
122,2.34293553,0.00000000,52.22158463,0.00000000,0.00000000,0.00000000,-75.73662551,10.82853224,0.00000000,120.09053498,-38.76543210,0.00000000,-63.66803841,-10.82853224,0.00000000,114.22770919,-36.97119342,0.00000000,-7.31412894,0.00000000,24.76543210,-19.79423868,24.06858711,0.00000000,93.51989026,0.00000000,0.00000000,0.00000000,-10.52674897,-23.58847737,0.27434842,92.22222222,0.00000000,0.00000000,0.00000000
123,2.74074074,0.00000000,54.20140433,0.00000000,0.00000000,0.00000000,-73.11111111,10.62962963,0.00000000,115.55555556,-37.33333333,0.00000000,-60.96296296,-10.62962963,0.00000000,109.85185185,-35.77777778,0.00000000,-6.51851852,0.00000000,23.33333333,-19.55555556,24.14814815,0.00000000,92.96296296,0.00000000,0.00000000,0.00000000,-15.77777778,-23.11111111,0.59259259,89.00000000,0.00000000,0.00000000,0.00000000
124,3.26200274,0.00000000,56.71066974,0.00000000,0.00000000,0.00000000,-69.67078189,10.36899863,0.00000000,109.61316872,-35.45679012,0.00000000,-57.41838134,-10.36899863,0.00000000,104.11796982,-34.21399177,0.00000000,-5.47599451,0.00000000,21.45679012,-19.24279835,24.25240055,0.00000000,92.23319616,0.00000000,0.00000000,0.00000000,-22.65843621,-22.48559671,1.00960219,84.77777778,0.00000000,0.00000000,0.00000000
125,3.88614540,0.00000000,59.57903175,0.00000000,0.00000000,0.00000000,-65.55144033,10.05692730,0.00000000,102.49794239,-33.20987654,0.00000000,-53.17421125,-10.05692730,0.00000000,97.25240055,-32.34156379,0.00000000,-4.22770919,0.00000000,19.20987654,-18.86831276,24.37722908,0.00000000,91.35939643,0.00000000,0.00000000,0.00000000,-30.89711934,-21.73662551,1.50891632,79.72222222,0.00000000,0.00000000,0.00000000
126,4.59259259,0.00000000,62.63270200,0.00000000,0.00000000,0.00000000,-60.88888889,9.70370370,0.00000000,94.44444444,-30.66666667,0.00000000,-48.37037037,-9.70370370,0.00000000,89.48148148,-30.22222222,0.00000000,-2.81481481,0.00000000,16.66666667,-18.44444444,24.51851852,0.00000000,90.37037037,0.00000000,0.00000000,0.00000000,-40.22222222,-20.88888889,2.07407407,74.00000000,0.00000000,0.00000000,0.00000000
127,5.36076818,0.00000000,65.70294841,0.00000000,0.00000000,0.00000000,-55.81893004,9.31961591,0.00000000,85.68724280,-27.90123457,0.00000000,-43.14677641,-9.31961591,0.00000000,81.03155007,-27.91769547,0.00000000,-1.27846365,0.00000000,13.90123457,-17.98353909,24.67215364,0.00000000,89.29492455,0.00000000,0.00000000,0.00000000,-50.36213992,-19.96707819,2.68861454,67.77777778,0.00000000,0.00000000,0.00000000
128,6.17009602,0.00000000,68.63550198,0.00000000,0.00000000,0.00000000,-50.47736626,8.91495199,0.00000000,76.46090535,-24.98765432,0.00000000,-37.64334705,-8.91495199,0.00000000,72.12894376,-25.48971193,0.00000000,0.34019204,0.00000000,10.98765432,-17.49794239,24.83401920,0.00000000,88.16186557,0.00000000,0.00000000,0.00000000,-61.04526749,-18.99588477,3.33607682,61.22222222,0.00000000,0.00000000,0.00000000
129,7.00000000,0.00000000,71.29994156,0.00000000,0.00000000,0.00000000,-45.00000000,8.50000000,0.00000000,67.00000000,-22.00000000,0.00000000,-32.00000000,-8.50000000,0.00000000,63.00000000,-23.00000000,0.00000000,2.00000000,0.00000000,8.00000000,-17.00000000,25.00000000,0.00000000,87.00000000,0.00000000,0.00000000,0.00000000,-72.00000000,-18.00000000,4.00000000,54.50000000,0.00000000,0.00000000,0.00000000
130,7.82990398,0.00000000,73.59794096,0.00000000,0.00000000,0.00000000,-39.52263374,8.08504801,0.00000000,57.53909465,-19.01234568,0.00000000,-26.35665295,-8.08504801,0.00000000,53.87105624,-20.51028807,0.00000000,3.65980796,0.00000000,5.01234568,-16.50205761,25.16598080,0.00000000,85.83813443,0.00000000,0.00000000,0.00000000,-82.95473251,-17.00411523,4.66392318,47.77777778,0.00000000,0.00000000,0.00000000
131,8.63923182,0.00000000,75.46928692,0.00000000,0.00000000,0.00000000,-34.18106996,7.68038409,0.00000000,48.31275720,-16.09876543,0.00000000,-20.85322359,-7.68038409,0.00000000,44.96844993,-18.08230453,0.00000000,5.27846365,0.00000000,2.09876543,-16.01646091,25.32784636,0.00000000,84.70507545,0.00000000,0.00000000,0.00000000,-93.63786008,-16.03292181,5.31138546,41.22222222,0.00000000,0.00000000,0.00000000
132,9.40740741,0.00000000,76.89472799,0.00000000,0.00000000,0.00000000,-29.11111111,7.29629630,0.00000000,39.55555556,-13.33333333,0.00000000,-15.62962963,-7.29629630,0.00000000,36.51851852,-15.77777778,0.00000000,6.81481481,0.00000000,-0.66666667,-15.55555556,25.48148148,0.00000000,83.62962963,0.00000000,0.00000000,0.00000000,-103.77777778,-15.11111111,5.92592593,35.00000000,0.00000000,0.00000000,0.00000000
133,10.11385460,0.00000000,77.89496847,0.00000000,0.00000000,0.00000000,-24.44855967,6.94307270,0.00000000,31.50205761,-10.79012346,0.00000000,-10.82578875,-6.94307270,0.00000000,28.74759945,-13.65843621,0.00000000,8.22770919,0.00000000,-3.20987654,-15.13168724,25.62277092,0.00000000,82.64060357,0.00000000,0.00000000,0.00000000,-113.10288066,-14.26337449,6.49108368,29.27777778,0.00000000,0.00000000,0.00000000
134,10.73799726,0.00000000,78.52548081,0.00000000,0.00000000,0.00000000,-20.32921811,6.63100137,0.00000000,24.38683128,-8.54320988,0.00000000,-6.58161866,-6.63100137,0.00000000,21.88203018,-11.78600823,0.00000000,9.47599451,0.00000000,-5.45679012,-14.75720165,25.74759945,0.00000000,81.76680384,0.00000000,0.00000000,0.00000000,-121.34156379,-13.51440329,6.99039781,24.22222222,0.00000000,0.00000000,0.00000000
135,11.25925926,0.00000000,78.86722845,0.00000000,0.00000000,0.00000000,-16.88888889,6.37037037,0.00000000,18.44444444,-6.66666667,0.00000000,-3.03703704,-6.37037037,0.00000000,16.14814815,-10.22222222,0.00000000,10.51851852,0.00000000,-7.33333333,-14.44444444,25.85185185,0.00000000,81.03703704,0.00000000,0.00000000,0.00000000,-128.22222222,-12.88888889,7.40740741,20.00000000,0.00000000,0.00000000,0.00000000
136,11.65706447,0.00000000,79.01375495,0.00000000,0.00000000,0.00000000,-14.26337449,6.17146776,0.00000000,13.90946502,-5.23456790,0.00000000,-0.33196159,-6.17146776,0.00000000,11.77229081,-9.02880658,0.00000000,11.31412894,0.00000000,-8.76543210,-14.20576132,25.93141289,0.00000000,80.48010974,0.00000000,0.00000000,0.00000000,-133.47325103,-12.41152263,7.72565158,16.77777778,0.00000000,0.00000000,0.00000000
137,11.91083676,0.00000000,79.05526354,0.00000000,0.00000000,0.00000000,-12.58847737,6.04458162,0.00000000,11.01646091,-4.32098765,0.00000000,1.39368999,-6.04458162,0.00000000,8.98079561,-8.26748971,0.00000000,11.82167353,0.00000000,-9.67901235,-14.05349794,25.98216735,0.00000000,80.12482853,0.00000000,0.00000000,0.00000000,-136.82304527,-12.10699588,7.92866941,14.72222222,0.00000000,0.00000000,0.00000000
138,12.00000000,0.00000000,79.06021373,0.00000000,0.00000000,0.00000000,-12.00000000,6.00000000,0.00000000,10.00000000,-4.00000000,0.00000000,2.00000000,-6.00000000,0.00000000,8.00000000,-8.00000000,0.00000000,12.00000000,0.00000000,-10.00000000,-14.00000000,26.00000000,0.00000000,80.00000000,0.00000000,0.00000000,0.00000000,-138.00000000,-12.00000000,8.00000000,14.00000000,0.00000000,0.00000000,0.00000000
139,12.00000000,0.00000000,79.06021373,0.00000000,0.00000000,0.00000000,-12.00000000,6.00000000,0.00000000,10.00000000,-4.00000000,0.00000000,2.00000000,-6.00000000,0.00000000,8.00000000,-8.00000000,0.00000000,12.00000000,0.00000000,-10.00000000,-14.00000000,26.00000000,0.00000000,80.00000000,0.00000000,0.00000000,0.00000000,-138.00000000,-12.00000000,8.00000000,14.00000000,0.00000000,0.00000000,0.00000000
140,12.00000000,0.00000000,79.06021373,0.00000000,0.00000000,0.00000000,-12.00000000,6.00000000,0.00000000,10.00000000,-4.00000000,0.00000000,2.00000000,-6.00000000,0.00000000,8.00000000,-8.00000000,0.00000000,12.00000000,0.00000000,-10.00000000,-14.00000000,26.00000000,0.00000000,80.00000000,0.00000000,0.00000000,0.00000000,-138.00000000,-12.00000000,8.00000000,14.00000000,0.00000000,0.00000000,0.00000000
141,12.00000000,0.00000000,79.06021373,0.00000000,0.00000000,0.00000000,-12.00000000,6.00000000,0.00000000,10.00000000,-4.00000000,0.00000000,2.00000000,-6.00000000,0.00000000,8.00000000,-8.00000000,0.00000000,12.00000000,0.00000000,-10.00000000,-14.00000000,26.00000000,0.00000000,80.00000000,0.00000000,0.00000000,0.00000000,-138.00000000,-12.00000000,8.00000000,14.00000000,0.00000000,0.00000000,0.00000000
142,12.00000000,0.00000000,79.06021373,0.00000000,0.00000000,0.00000000,-12.00000000,6.00000000,0.00000000,10.00000000,-4.00000000,0.00000000,2.00000000,-6.00000000,0.00000000,8.00000000,-8.00000000,0.00000000,12.00000000,0.00000000,-10.00000000,-14.00000000,26.00000000,0.00000000,80.00000000,0.00000000,0.00000000,0.00000000,-138.00000000,-12.00000000,8.00000000,14.00000000,0.00000000,0.00000000,0.00000000
143,12.00000000,0.00000000,79.06021373,0.00000000,0.00000000,0.00000000,-12.00000000,6.00000000,0.00000000,10.00000000,-4.00000000,0.00000000,2.00000000,-6.00000000,0.00000000,8.00000000,-8.00000000,0.00000000,12.00000000,0.00000000,-10.00000000,-14.00000000,26.00000000,0.00000000,80.00000000,0.00000000,0.00000000,0.00000000,-138.00000000,-12.00000000,8.00000000,14.00000000,0.00000000,0.00000000,0.00000000
144,12.00000000,0.00000000,79.06021373,0.00000000,0.00000000,0.00000000,-12.00000000,6.00000000,0.00000000,10.00000000,-4.00000000,0.00000000,2.00000000,-6.00000000,0.00000000,8.00000000,-8.00000000,0.00000000,12.00000000,0.00000000,-10.00000000,-14.00000000,26.00000000,0.00000000,80.00000000,0.00000000,0.00000000,0.00000000,-138.00000000,-12.00000000,8.00000000,14.00000000,0.00000000,0.00000000,0.00000000
145,12.00000000,0.00000000,79.06021373,0.00000000,0.00000000,0.00000000,-12.00000000,6.00000000,0.00000000,10.00000000,-4.00000000,0.00000000,2.00000000,-6.00000000,0.00000000,8.00000000,-8.00000000,0.00000000,12.00000000,0.00000000,-10.00000000,-14.00000000,26.00000000,0.00000000,80.00000000,0.00000000,0.00000000,0.00000000,-138.00000000,-12.00000000,8.00000000,14.00000000,0.00000000,0.00000000,0.00000000
146,12.00000000,0.00000000,79.06021373,0.00000000,0.00000000,0.00000000,-12.00000000,6.00000000,0.00000000,10.00000000,-4.00000000,0.00000000,2.00000000,-6.00000000,0.00000000,8.00000000,-8.00000000,0.00000000,12.00000000,0.00000000,-10.00000000,-14.00000000,26.00000000,0.00000000,80.00000000,0.00000000,0.00000000,0.00000000,-138.00000000,-12.00000000,8.00000000,14.00000000,0.00000000,0.00000000,0.00000000
147,12.00000000,0.00000000,79.06021373,0.00000000,0.00000000,0.00000000,-12.00000000,6.00000000,0.00000000,10.00000000,-4.00000000,0.00000000,2.00000000,-6.00000000,0.00000000,8.00000000,-8.00000000,0.00000000,12.00000000,0.00000000,-10.00000000,-14.00000000,26.00000000,0.00000000,80.00000000,0.00000000,0.00000000,0.00000000,-138.00000000,-12.00000000,8.00000000,14.00000000,0.00000000,0.00000000,0.00000000
148,12.00000000,0.00000000,79.06021373,0.00000000,0.00000000,0.00000000,-12.00000000,6.00000000,0.00000000,10.00000000,-4.00000000,0.00000000,2.00000000,-6.00000000,0.00000000,8.00000000,-8.00000000,0.00000000,12.00000000,0.00000000,-10.00000000,-14.00000000,26.00000000,0.00000000,80.00000000,0.00000000,0.00000000,0.00000000,-138.00000000,-12.00000000,8.00000000,14.00000000,0.00000000,0.00000000,0.00000000
149,12.00000000,0.00000000,79.06021373,0.00000000,0.00000000,0.00000000,-12.00000000,6.00000000,0.00000000,10.00000000,-4.00000000,0.00000000,2.00000000,-6.00000000,0.00000000,8.00000000,-8.00000000,0.00000000,12.00000000,0.00000000,-10.00000000,-14.00000000,26.00000000,0.00000000,80.00000000,0.00000000,0.00000000,0.00000000,-138.00000000,-12.00000000,8.00000000,14.00000000,0.00000000,0.00000000,0.00000000
150,12.00000000,0.00000000,79.06021373,0.00000000,0.00000000,0.00000000,-12.00000000,6.00000000,0.00000000,10.00000000,-4.00000000,0.00000000,2.00000000,-6.00000000,0.00000000,8.00000000,-8.00000000,0.00000000,12.00000000,0.00000000,-10.00000000,-14.00000000,26.00000000,0.00000000,80.00000000,0.00000000,0.00000000,0.00000000,-138.00000000,-12.00000000,8.00000000,14.00000000,0.00000000,0.00000000,0.00000000
151,11.97595793,0.00000000,79.06500857,0.00000000,0.00000000,0.00000000,-12.07212622,6.00000000,0.00000000,10.13223140,-4.04808415,0.00000000,2.02404207,-6.00000000,0.00000000,8.10818933,-8.04808415,0.00000000,11.83170548,0.00000000,-9.89181067,-14.02404207,25.96393689,0.00000000,80.01202104,0.00000000,0.00000000,0.00000000,-137.25469572,-12.06010518,7.95191585,14.46882044,0.00000000,0.00000000,0.00000000
152,11.90683696,0.00000000,79.07782564,0.00000000,0.00000000,0.00000000,-12.27948911,6.00000000,0.00000000,10.51239669,-4.18632607,0.00000000,2.09316304,-6.00000000,0.00000000,8.41923366,-8.18632607,0.00000000,11.34785875,0.00000000,-9.58076634,-14.09316304,25.86025545,0.00000000,80.04658152,0.00000000,0.00000000,0.00000000,-135.11194591,-12.23290759,7.81367393,15.81667919,0.00000000,0.00000000,0.00000000
153,11.79714500,0.00000000,79.09521850,0.00000000,0.00000000,0.00000000,-12.60856499,6.00000000,0.00000000,11.11570248,-4.40570999,0.00000000,2.20285500,-6.00000000,0.00000000,8.91284748,-8.40570999,0.00000000,10.58001503,0.00000000,-9.08715252,-14.20285500,25.69571751,0.00000000,80.10142750,0.00000000,0.00000000,0.00000000,-131.71149512,-12.50713749,7.59429001,17.95567243,0.00000000,0.00000000,0.00000000
154,11.65138993,0.00000000,79.11273959,0.00000000,0.00000000,0.00000000,-13.04583020,6.00000000,0.00000000,11.91735537,-4.69722014,0.00000000,2.34861007,-6.00000000,0.00000000,9.56874530,-8.69722014,0.00000000,9.55972953,0.00000000,-8.43125470,-14.34861007,25.47708490,0.00000000,80.17430503,0.00000000,0.00000000,0.00000000,-127.19308790,-12.87152517,7.30277986,20.79789632,0.00000000,0.00000000,0.00000000
155,11.47407964,0.00000000,79.12546469,0.00000000,0.00000000,0.00000000,-13.57776108,6.00000000,0.00000000,12.89256198,-5.05184072,0.00000000,2.52592036,-6.00000000,0.00000000,10.36664162,-9.05184072,0.00000000,8.31855748,0.00000000,-7.63335838,-14.52592036,25.21111946,0.00000000,80.26296018,0.00000000,0.00000000,0.00000000,-121.69646882,-13.31480090,6.94815928,24.25544703,0.00000000,0.00000000,0.00000000
156,11.26972201,0.00000000,79.12845677,0.00000000,0.00000000,0.00000000,-14.19083396,6.00000000,0.00000000,14.01652893,-5.46055597,0.00000000,2.73027799,-6.00000000,0.00000000,11.28625094,-9.46055597,0.00000000,6.88805409,0.00000000,-6.71374906,-14.73027799,24.90458302,0.00000000,80.36513899,0.00000000,0.00000000,0.00000000,-115.36138242,-13.82569497,6.53944403,28.24042074,0.00000000,0.00000000,0.00000000
157,11.04282494,0.00000000,79.11716833,0.00000000,0.00000000,0.00000000,-14.87152517,6.00000000,0.00000000,15.26446281,-5.91435011,0.00000000,2.95717506,-6.00000000,0.00000000,12.30728775,-9.91435011,0.00000000,5.29977461,0.00000000,-5.69271225,-14.95717506,24.56423742,0.00000000,80.47858753,0.00000000,0.00000000,0.00000000,-108.32757325,-14.39293764,6.08564989,32.66491360,0.00000000,0.00000000,0.00000000
158,10.79789632,0.00000000,79.08778071,0.00000000,0.00000000,0.00000000,-15.60631104,6.00000000,0.00000000,16.61157025,-6.40420736,0.00000000,3.20210368,-6.00000000,0.00000000,13.40946657,-10.40420736,0.00000000,3.58527423,0.00000000,-4.59053343,-15.20210368,24.19684448,0.00000000,80.60105184,0.00000000,0.00000000,0.00000000,-100.73478588,-15.00525920,5.59579264,37.44102179,0.00000000,0.00000000,0.00000000
159,10.53944403,0.00000000,79.03747872,0.00000000,0.00000000,0.00000000,-16.38166792,6.00000000,0.00000000,18.03305785,-6.92111195,0.00000000,3.46055597,-6.00000000,0.00000000,14.57250188,-10.92111195,0.00000000,1.77610819,0.00000000,-3.42749812,-15.46055597,23.80916604,0.00000000,80.73027799,0.00000000,0.00000000,0.00000000,-92.72276484,-15.65138993,5.07888805,42.48084147,0.00000000,0.00000000,0.00000000
160,10.27197596,0.00000000,78.96465933,0.00000000,0.00000000,0.00000000,-17.18407213,6.00000000,0.00000000,19.50413223,-7.45604808,0.00000000,3.72802404,-6.00000000,0.00000000,15.77610819,-11.45604808,0.00000000,-0.09616829,0.00000000,-2.22389181,-15.72802404,23.40796394,0.00000000,80.86401202,0.00000000,0.00000000,0.00000000,-84.43125470,-16.32006011,4.54395192,47.69646882,0.00000000,0.00000000,0.00000000
161,10.00000000,0.00000000,78.86907348,0.00000000,0.00000000,0.00000000,-18.00000000,6.00000000,0.00000000,21.00000000,-8.00000000,0.00000000,4.00000000,-6.00000000,0.00000000,17.00000000,-12.00000000,0.00000000,-2.00000000,0.00000000,-1.00000000,-16.00000000,23.00000000,0.00000000,81.00000000,0.00000000,0.00000000,0.00000000,-76.00000000,-17.00000000,4.00000000,53.00000000,0.00000000,0.00000000,0.00000000
162,9.72802404,0.00000000,78.75190108,0.00000000,0.00000000,0.00000000,-18.81592787,6.00000000,0.00000000,22.49586777,-8.54395192,0.00000000,4.27197596,-6.00000000,0.00000000,18.22389181,-12.54395192,0.00000000,-3.90383171,0.00000000,0.22389181,-16.27197596,22.59203606,0.00000000,81.13598798,0.00000000,0.00000000,0.00000000,-67.56874530,-17.67993989,3.45604808,58.30353118,0.00000000,0.00000000,0.00000000
163,9.46055597,0.00000000,78.61576022,0.00000000,0.00000000,0.00000000,-19.61833208,6.00000000,0.00000000,23.96694215,-9.07888805,0.00000000,4.53944403,-6.00000000,0.00000000,19.42749812,-13.07888805,0.00000000,-5.77610819,0.00000000,1.42749812,-16.53944403,22.19083396,0.00000000,81.26972201,0.00000000,0.00000000,0.00000000,-59.27723516,-18.34861007,2.92111195,63.51915853,0.00000000,0.00000000,0.00000000
164,9.20210368,0.00000000,78.46465286,0.00000000,0.00000000,0.00000000,-20.39368896,6.00000000,0.00000000,25.38842975,-9.59579264,0.00000000,4.79789632,-6.00000000,0.00000000,20.59053343,-13.59579264,0.00000000,-7.58527423,0.00000000,2.59053343,-16.79789632,21.80315552,0.00000000,81.39894816,0.00000000,0.00000000,0.00000000,-51.26521412,-18.99474080,2.40420736,68.55897821,0.00000000,0.00000000,0.00000000
165,8.95717506,0.00000000,78.30385012,0.00000000,0.00000000,0.00000000,-21.12847483,6.00000000,0.00000000,26.73553719,-10.08564989,0.00000000,5.04282494,-6.00000000,0.00000000,21.69271225,-14.08564989,0.00000000,-9.29977461,0.00000000,3.69271225,-17.04282494,21.43576258,0.00000000,81.52141247,0.00000000,0.00000000,0.00000000,-43.67242675,-19.60706236,1.91435011,73.33508640,0.00000000,0.00000000,0.00000000
166,8.73027799,0.00000000,78.13972106,0.00000000,0.00000000,0.00000000,-21.80916604,6.00000000,0.00000000,27.98347107,-10.53944403,0.00000000,5.26972201,-6.00000000,0.00000000,22.71374906,-14.53944403,0.00000000,-10.88805409,0.00000000,4.71374906,-17.26972201,21.09541698,0.00000000,81.63486101,0.00000000,0.00000000,0.00000000,-36.63861758,-20.17430503,1.46055597,77.75957926,0.00000000,0.00000000,0.00000000
167,8.52592036,0.00000000,77.97950913,0.00000000,0.00000000,0.00000000,-22.42223892,6.00000000,0.00000000,29.10743802,-10.94815928,0.00000000,5.47407964,-6.00000000,0.00000000,23.63335838,-14.94815928,0.00000000,-12.31855748,0.00000000,5.63335838,-17.47407964,20.78888054,0.00000000,81.73703982,0.00000000,0.00000000,0.00000000,-30.30353118,-20.68519910,1.05184072,81.74455297,0.00000000,0.00000000,0.00000000
168,8.34861007,0.00000000,77.83106012,0.00000000,0.00000000,0.00000000,-22.95416980,6.00000000,0.00000000,30.08264463,-11.30277986,0.00000000,5.65138993,-6.00000000,0.00000000,24.43125470,-15.30277986,0.00000000,-13.55972953,0.00000000,6.43125470,-17.65138993,20.52291510,0.00000000,81.82569497,0.00000000,0.00000000,0.00000000,-24.80691210,-21.12847483,0.69722014,85.20210368,0.00000000,0.00000000,0.00000000
169,8.20285500,0.00000000,77.70250454,0.00000000,0.00000000,0.00000000,-23.39143501,6.00000000,0.00000000,30.88429752,-11.59429001,0.00000000,5.79714500,-6.00000000,0.00000000,25.08715252,-15.59429001,0.00000000,-14.58001503,0.00000000,7.08715252,-17.79714500,20.30428249,0.00000000,81.89857250,0.00000000,0.00000000,0.00000000,-20.28850488,-21.49286251,0.40570999,88.04432757,0.00000000,0.00000000,0.00000000
170,8.09316304,0.00000000,77.60189580,0.00000000,0.00000000,0.00000000,-23.72051089,6.00000000,0.00000000,31.48760331,-11.81367393,0.00000000,5.90683696,-6.00000000,0.00000000,25.58076634,-15.81367393,0.00000000,-15.34785875,0.00000000,7.58076634,-17.90683696,20.13974455,0.00000000,81.95341848,0.00000000,0.00000000,0.00000000,-16.88805409,-21.76709241,0.18632607,90.18332081,0.00000000,0.00000000,0.00000000
171,8.02404207,0.00000000,77.53680312,0.00000000,0.00000000,0.00000000,-23.92787378,6.00000000,0.00000000,31.86776860,-11.95191585,0.00000000,5.97595793,-6.00000000,0.00000000,25.89181067,-15.95191585,0.00000000,-15.83170548,0.00000000,7.89181067,-17.97595793,20.03606311,0.00000000,81.98797896,0.00000000,0.00000000,0.00000000,-14.74530428,-21.93989482,0.04808415,91.53117956,0.00000000,0.00000000,0.00000000
172,8.00000000,0.00000000,77.51385583,0.00000000,0.00000000,0.00000000,-24.00000000,6.00000000,0.00000000,32.00000000,-12.00000000,0.00000000,6.00000000,-6.00000000,0.00000000,26.00000000,-16.00000000,0.00000000,-16.00000000,0.00000000,8.00000000,-18.00000000,20.00000000,0.00000000,82.00000000,0.00000000,0.00000000,0.00000000,-14.00000000,-22.00000000,0.00000000,92.00000000,0.00000000,0.00000000,0.00000000
